CASE_ID,ACCIDENT_YEAR,PROC_DATE,JURIS,COLLISION_DATE,COLLISION_TIME,OFFICER_ID,REPORTING_DISTRICT,DAY_OF_WEEK,CHP_SHIFT,POPULATION,CNTY_CITY_LOC,SPECIAL_COND,BEAT_TYPE,CHP_BEAT_TYPE,CITY_DIVISION_LAPD,CHP_BEAT_CLASS,BEAT_NUMBER,PRIMARY_RD,SECONDARY_RD,DISTANCE,DIRECTION,INTERSECTION,WEATHER_1,WEATHER_2,STATE_HWY_IND,CALTRANS_COUNTY,CALTRANS_DISTRICT,STATE_ROUTE,ROUTE_SUFFIX,POSTMILE_PREFIX,POSTMILE,LOCATION_TYPE,RAMP_INTERSECTION,SIDE_OF_HWY,TOW_AWAY,COLLISION_SEVERITY,NUMBER_KILLED,NUMBER_INJURED,PARTY_COUNT,PRIMARY_COLL_FACTOR,PCF_CODE_OF_VIOL,PCF_VIOL_CATEGORY,PCF_VIOLATION,PCF_VIOL_SUBSECTION,HIT_AND_RUN,TYPE_OF_COLLISION,MVIW,PED_ACTION,ROAD_SURFACE,ROAD_COND_1,ROAD_COND_2,LIGHTING,CONTROL_DEVICE,CHP_ROAD_TYPE,PEDESTRIAN_ACCIDENT,BICYCLE_ACCIDENT,MOTORCYCLE_ACCIDENT,TRUCK_ACCIDENT,NOT_PRIVATE_PROPERTY,ALCOHOL_INVOLVED,STWD_VEHTYPE_AT_FAULT,CHP_VEHTYPE_AT_FAULT,COUNT_SEVERE_INJ,COUNT_VISIBLE_INJ,COUNT_COMPLAINT_PAIN,COUNT_PED_KILLED,COUNT_PED_INJURED,COUNT_BICYCLIST_KILLED,COUNT_BICYCLIST_INJURED,COUNT_MC_KILLED,COUNT_MC_INJURED,PRIMARY_RAMP,SECONDARY_RAMP,LATITUDE,LONGITUDE,COUNTY,CITY,POINT_X,POINT_Y
9012574,2019,2020-02-19,5202,2019-12-18,1250,2470,TBPF,3,5,3,5202,0,0,0,,0,005,"PASKENTA RD","GRAYSTONE CT",0.00,,N,B,-,N,,,,,,,,,,Y,3,0,1,2,A,-,01,23152,A,N,A,C,A,B,H,-,A,A,0,,,,,Y,Y,A,07,0,1,0,0,0,0,0,0,0,"- ","- ",40.167488098144531,-122.25669097900391,TEHAMA,"RED BLUFF",-122.25672149658203,40.167499542236328
90130557,2016,2016-03-07,9130,2016-02-22,1728,015824,,1,2,9,5200,0,1,3,,1,031,"STATE ROUTE 99","CHILDS AVE",283.00,N,N,A,-,Y,,,99,,,,,,,Y,2,0,3,2,A,-,01,23152,A,N,A,C,A,A,H,-,A,D,0,,,,,Y,Y,A,01,1,2,0,0,0,0,0,0,0,"- ","- ",40.114100000000001,-122.1178,TEHAMA,UNINCORPORATED,-122.11737881000001,40.11437154
90130645,2016,2016-03-07,9130,2016-02-27,1710,017227,,6,2,9,5200,0,1,3,,1,031,"SR-99 N/B","SECOND AVE.",45.00,S,N,B,-,Y,,,99,,,,,,N,Y,4,0,1,3,A,-,03,22350,,N,C,C,A,A,H,-,A,D,0,,,,,Y,,D,22,0,0,1,0,0,0,0,0,0,"- ","- ",40.059100000000001,-122.1007,TEHAMA,UNINCORPORATED,-122.10075003,40.059101099999999
90136751,2016,2016-03-15,9130,2016-03-07,1510,015565,,1,2,9,5200,0,2,4,,2,043,"ROAD 99W","GYLE ROAD",0.00,,Y,B,-,N,,,,,,,,,,Y,2,0,2,2,A,-,09,21802,A,N,D,C,A,A,H,-,A,D,0,,,,,Y,,A,01,1,0,1,0,0,0,0,0,0,"- ","- ",40.005339999999997,-122.17216999999999,TEHAMA,UNINCORPORATED,-122.17195995,40.005479989999998
90137139,2016,2016-03-15,9130,2016-03-10,1800,018388,,4,2,9,5200,0,2,4,,2,013,"BOWMAN RD","FARQUHAR RD",3696.00,W,N,B,C,N,,,,,,,,,,Y,4,0,2,1,A,-,08,22107,,N,E,I,A,B,H,-,A,D,0,,,,,Y,,A,07,0,0,2,0,0,0,0,0,0,"- ","- ",40.323650000000001,-122.43396,TEHAMA,UNINCORPORATED,-122.43441848000001,40.323624070000001
90148861,2016,2016-04-01,9130,2016-03-24,0740,015667,,4,1,9,5200,0,1,3,,1,032,"SR-36 W/B (ANTELOPE BLVD.)","SAINT MARYS AVE",848.00,W,N,A,-,Y,,,36,,,,,,W,N,4,0,2,2,A,-,09,21801,A,N,D,C,A,A,H,-,A,D,0,,,Y,,Y,,D,22,0,0,2,0,0,0,0,0,1,"- ","- ",40.1858,-122.19379000000001,TEHAMA,UNINCORPORATED,-122.19379042,40.185735569999999
90152032,2016,2016-04-06,9130,2016-04-02,0815,017227,,6,1,9,5200,0,1,3,,1,012,"SR-36 E/B","VESTAL RD.",16368.00,W,N,A,-,Y,,,36,,,,,,E,Y,4,0,1,1,A,-,08,22107,,N,E,I,A,A,H,-,A,D,0,,,,,Y,,A,01,0,0,1,0,0,0,0,0,0,"- ","- ",40.315510000000003,-122.77016999999999,TEHAMA,UNINCORPORATED,-122.77017898,40.315485299999999
90156199,2016,2016-04-12,9130,2016-04-04,1750,016355,,1,2,9,5200,0,3,5,,2,030,"BELLE MILL RD","SALE LN",528.00,W,N,A,-,N,,,,,,,,,,N,4,0,1,1,C,-,18,,,N,E,I,A,A,H,-,A,D,0,,,,,Y,,-,"- ",0,0,1,0,0,0,0,0,0,"- ","- ",40.185839999999999,-122.21611,TEHAMA,UNINCORPORATED,-122.22029000000001,40.186149999999998
90164679,2016,2016-04-25,9130,2016-04-16,1300,017227,,6,1,9,5200,0,2,4,,2,044,"ARAMAYO WAY","TEHAMA & VINA RD.",8.00,W,N,A,-,N,,,,,,,,,,Y,4,0,1,2,A,-,03,22350,,N,C,C,A,A,H,-,A,D,0,,,Y,,Y,,C,02,0,0,1,0,0,0,0,0,1,"- ","- ",40.028440000000003,-122.11622,TEHAMA,UNINCORPORATED,-122.11622772,40.02845465
90165096,2016,2016-04-25,9130,2016-04-18,2318,016355,,1,3,3,5202,0,1,1,,2,051,"I-5 N/B TO ANTELOPE BLVD","ANTELOPE BLVD",437.00,S,N,A,-,Y,,,5,,,,R,,N,Y,4,0,1,1,A,-,01,23152,E,N,F,A,A,A,H,-,C,A,0,,,,,Y,,A,01,0,0,1,0,0,0,0,0,0,"- ","- ",40.181359999999998,-122.22554,TEHAMA,"RED BLUFF",-122.22554,40.181359999999998
90167264,2016,2016-04-27,9130,2016-04-18,2205,015681,,1,3,9,5200,0,3,5,,2,020,"CORNING ROAD","10TH AVE",3432.00,W,N,A,-,N,,,,,,,,,,Y,3,0,1,1,A,-,08,22107,,N,E,I,A,A,H,-,D,D,0,,,,,Y,,A,01,0,1,0,0,0,0,0,0,0,"- ","- ",39.928939999999997,-122.26598,TEHAMA,UNINCORPORATED,-122.26609022,39.928873789999997
90170841,2016,2016-05-02,9130,2016-04-23,2235,016447,,6,3,9,5200,0,3,5,,2,030,"LAKE CALIFORNIA DR","DEL MAR DR",1250.00,E,N,A,-,N,,,,,,,,,,Y,2,0,1,1,A,-,01,23152,A,N,E,I,A,A,H,-,D,D,0,,,,,Y,Y,A,01,1,0,0,0,0,0,0,0,0,"- ","- ",40.362960000000001,-122.27393000000001,TEHAMA,UNINCORPORATED,-122.27392999999999,40.362960000000001
9017801,2019,2020-09-10,5202,2019-12-24,1003,7320,RBPD,2,5,3,5202,0,0,0,,0,001,"RT 36","MCGLYNN RD",132.00,W,N,A,-,Y,TEH,2,36,-,-,42.330,H,-,W,Y,3,0,1,2,A,-,03,22350,,N,C,C,A,A,H,-,A,D,0,,,,,Y,,D,22,0,1,0,0,0,0,0,0,0,"- ","- ",,,TEHAMA,"RED BLUFF",-122.21692657470703,40.184310913085938
90182933,2016,2016-05-19,9130,2016-05-11,0455,015667,,3,3,9,5200,0,2,4,,2,042,"SOUTH AVE.","MARY AVE",376.00,W,N,A,-,N,,,,,,,,,,Y,4,0,1,1,A,-,08,22107,,N,F,A,A,A,H,-,D,D,0,,,,,Y,,A,01,0,0,1,0,0,0,0,0,0,"- ","- ",39.906059999999997,-122.1525,TEHAMA,UNINCORPORATED,-122.15194061,39.905990780000003
90198710,2016,2016-06-10,9140,2016-05-26,1205,018847,,4,1,9,5200,0,3,5,,2,060,"SR-36 E/B","LITTLE GIANT MILL ROAD",3168.00,E,N,A,-,Y,,,,,,,,,,Y,3,0,1,1,A,-,08,22107,,N,E,J,A,A,H,-,A,D,0,,,,,Y,,D,22,0,1,0,0,0,0,0,0,0,"- ","- ",,,TEHAMA,UNINCORPORATED,-121.72450222000001,40.344300949999997
90200057,2016,2016-06-13,9130,2016-05-12,2500,017562,,4,4,9,5200,0,3,5,,2,010,"WALNUT ST","BAKER RD",0.00,,Y,A,-,N,,,,,,,,,,N,4,0,1,1,D,-,00,,,N,H,A,A,A,H,-,A,A,0,,Y,,,Y,,-,"- ",0,0,1,0,0,0,1,0,0,"- ","- ",40.168390000000002,-122.26109,TEHAMA,UNINCORPORATED,-122.26107992,40.16840998
90200098,2016,2016-06-13,9130,2016-06-02,1805,016447,,4,2,9,5200,0,1,3,,1,031,SR-99,"JOSEPH AVE",0.00,,Y,A,-,Y,,,99,,,,,,,Y,4,0,2,2,A,-,09,21804,A,N,D,C,A,A,H,-,A,D,0,,,,,Y,,A,01,0,0,2,0,0,0,0,0,0,"- ","- ",40.120649999999998,-122.11967,TEHAMA,UNINCORPORATED,-122.11967934,40.120646809999997
90200485,2016,2016-06-13,9130,2016-06-05,1342,015565,,7,1,9,5200,0,3,5,,2,020,"BLACK BUTTE ROAD","CHITTENDEN ROAD",12144.00,S,N,A,-,N,,,,,,,,,,Y,2,0,1,1,A,-,08,22107,,N,E,I,A,A,H,-,A,D,0,,,,,Y,,D,22,1,0,0,0,0,0,0,0,0,"- ","- ",39.892200000000003,-122.30486999999999,TEHAMA,UNINCORPORATED,-122.30161581999999,39.892910000000001
90205175,2016,2016-06-20,9130,2016-06-11,1310,017227,,6,1,9,5200,0,1,3,,1,012,"SR-36 E/B","KILGORE CT.",253.00,E,N,A,-,Y,,,36,,,,,,E,Y,3,0,1,1,A,-,08,22107,,N,E,I,A,A,H,-,A,D,0,,,,,Y,,D,22,0,1,0,0,0,0,0,0,0,"- ","- ",40.22381,-122.29554,TEHAMA,UNINCORPORATED,-122.29553738,40.22370574
90212405,2016,2016-06-29,9130,2016-06-21,1920,017250,,2,2,9,5200,0,2,4,,2,042,"SOUTH AVE","KIRKWOOD RD",0.00,,Y,A,-,N,,,,,,,,,,Y,3,0,2,1,A,-,08,22107,,N,E,I,A,A,H,-,A,D,0,,,,,Y,,A,01,0,2,0,0,0,0,0,0,0,"- ","- ",39.90616,-122.17838999999999,TEHAMA,UNINCORPORATED,-122.17853995999999,39.906299969999999
90212874,2016,2016-06-30,9130,2016-06-24,1915,016447,,5,2,9,5200,0,2,4,,2,042,"SOUTH AVE","MICHIGAN AVE",52.00,W,N,A,-,N,,,,,,,,,,Y,3,0,2,2,A,-,03,22350,,N,C,C,A,A,H,-,A,D,0,,,,,Y,,D,22,0,1,1,0,0,0,0,0,0,"- ","- ",39.906649999999999,-122.11235000000001,TEHAMA,UNINCORPORATED,-122.11251541999999,39.906640000000003
90230742,2016,2016-07-26,9130,2016-07-22,1530,019041,,5,2,9,5200,0,2,4,,2,042,"SOUTH AVE","HOUGHTON AVE.",0.00,,Y,A,-,N,,,,,,,,,,Y,4,0,1,2,A,-,03,22350,,N,C,C,A,A,H,-,A,D,0,,,,,Y,,D,22,0,0,1,0,0,0,0,0,0,"- ","- ",39.906390000000002,-122.18735,TEHAMA,UNINCORPORATED,-122.18824999,39.90640999
90239727,2016,2016-08-08,9130,2016-07-29,1355,019041,,5,1,9,5200,0,1,1,,2,051,"I-5 NB","JELLYS FERRY RD",1056.00,N,N,A,-,Y,,,5,,,,,,N,N,4,0,2,2,A,-,03,22350,,N,C,C,A,A,H,-,A,D,0,,,,,Y,,A,01,0,0,2,0,0,0,0,0,0,"- ","- ",40.241709999999998,-122.25762,TEHAMA,UNINCORPORATED,-122.25798706,40.241586740000002
90239796,2016,2016-08-08,9130,2016-08-01,0255,017250,,1,3,9,5200,0,3,5,,2,040,"BUENA VISTA AVE","SHERWOOD BLVD",275.00,S,N,A,-,N,,,,,,,,,,N,4,0,1,1,A,-,01,23152,E,N,E,J,A,A,H,-,D,D,0,,,,,Y,,D,22,0,0,1,0,0,0,0,0,0,"- ","- ",40.044130000000003,-122.09376,TEHAMA,UNINCORPORATED,-122.09380609999999,40.044131120000003
90243619,2016,2016-08-12,9130,2016-08-03,1119,017227,,3,1,9,5200,0,3,5,,2,010,"LIVE OAK RD.","PASKENTA RD.",0.00,,Y,A,-,N,,,,,,,,,,Y,3,0,2,2,A,-,09,21802,A,N,D,C,A,A,H,-,A,A,0,,,,,Y,,A,07,0,2,0,0,0,0,0,0,0,"- ","- ",40.150219999999997,-122.25676,TEHAMA,UNINCORPORATED,-122.25673987,40.150209920000002
90247646,2016,2016-08-18,9130,2016-08-09,1540,013996,,2,2,9,5200,0,3,5,,2,040,"HOAG ROAD","GAYLORD AVENUE",90.00,W,N,A,-,N,,,,,,,,,,Y,4,0,3,4,A,-,09,21804,A,N,C,C,A,A,H,-,A,A,0,,,,,Y,,A,01,0,0,3,0,0,0,0,0,0,"- ","- ",39.928400000000003,-122.1328,TEHAMA,UNINCORPORATED,-122.13254893,39.928501859999997
90256043,2016,2016-08-29,9130,2016-08-18,2100,016447,,4,2,9,5200,0,3,5,,2,030,"FORWARD RD","PONDEROSA WAY",17952.00,E,N,A,-,N,,,,,,,,,,Y,4,0,3,1,A,-,08,22107,,N,E,I,A,A,H,-,D,D,0,,,,,Y,,D,22,0,0,3,0,0,0,0,0,0,"- ","- ",40.433199999999999,-121.76399000000001,TEHAMA,UNINCORPORATED,-121.761405,40.433365270000003
90268529,2016,2016-09-15,9130,2016-09-06,1415,013996,,2,2,9,5200,0,2,4,,2,043,"ROAD 99W","CHARD AVENUE",1056.00,N,N,A,-,N,,,,,,,,,,Y,3,0,1,1,A,-,01,23152,A,N,F,A,A,A,H,-,A,A,0,,,,,Y,Y,A,07,0,1,0,0,0,0,0,0,0,"- ","- ",40.071199999999997,-122.17010000000001,TEHAMA,UNINCORPORATED,-122.17011988,40.071199849999999
90283719,2016,2016-10-04,9130,2016-09-26,1730,016355,,1,2,9,5200,0,3,5,,2,040,"HOAG ROAD","HALL ROAD",350.00,W,N,A,-,N,,,,,,,,,,Y,3,0,1,2,A,-,03,22350,,N,C,C,A,A,H,-,A,D,0,,,,,Y,,A,01,0,1,0,0,0,0,0,0,0,"- ","- ",39.929029999999997,-122.12763,TEHAMA,UNINCORPORATED,-122.12362065000001,39.927023380000001
90285730,2016,2016-10-06,9130,2016-09-30,0630,017227,,5,1,9,5200,0,3,5,,2,020,"GYLE RD","RAWSON RD.",10032.00,W,N,A,-,N,,,,,,,,,,Y,3,0,1,1,C,-,18,,,N,H,H,A,A,H,-,D,D,0,,,,,Y,,-,"- ",0,1,0,0,0,0,0,0,0,"- ","- ",40.001240000000003,-122.26242999999999,TEHAMA,UNINCORPORATED,-122.2610375,40.001227389999997
90289300,2016,2016-10-11,9130,2016-10-02,0516,016355,,7,3,9,5200,0,1,1,,2,051,"INTERSTATE 5 SOUTHBOUND","ADOBE ROAD",2112.00,S,N,A,-,Y,,,5,,,,,,S,Y,3,0,2,1,A,-,01,23152,A,N,E,I,A,A,H,-,A,D,0,,,,,Y,Y,A,01,0,1,1,0,0,0,0,0,0,"- ","- ",40.183880000000002,-122.22866,TEHAMA,UNINCORPORATED,-122.22828561999999,40.184195590000002
9028984,2019,2020-01-27,5202,2019-11-30,1900,0400,RBPD,6,5,3,5202,0,0,0,,0,CITY,"METZGER ST","LUTHER RD",130.00,S,N,B,C,N,,,,,,,,,,N,4,0,1,2,A,-,10,21950,C,F,G,B,D,B,H,-,D,D,0,Y,,,,Y,,-,,0,0,1,0,1,0,0,0,0,"- ","- ",40.160820007324219,-122.22846221923828,TEHAMA,"RED BLUFF",-122.22852325439453,40.16046142578125
90293360,2016,2016-10-17,9130,2016-10-07,1515,015667,,5,2,9,5200,0,3,5,,2,040,"ARAMAYO WAY","TEHAMA AND VINA RD",0.00,,Y,A,-,N,,,,,,,,,,N,4,0,1,2,A,-,12,22450,A,N,D,G,A,A,H,-,A,A,0,,Y,,,Y,,A,01,0,0,1,0,0,0,1,0,0,"- ","- ",40.028509999999997,-122.11623,TEHAMA,UNINCORPORATED,-122.11619998,40.028459980000001
90307549,2016,2016-10-31,9130,2016-10-21,0955,015829,,5,1,9,5200,0,1,3,,1,012,"S.R. 36","BOWMAN RD.",35904.00,W,N,A,-,Y,,,,,,,,,,Y,4,0,1,1,A,-,03,22350,,N,E,I,A,A,H,-,A,D,0,,,,,Y,,A,01,0,0,1,0,0,0,0,0,0,"- ","- ",40.289610000000003,-122.60988999999999,TEHAMA,UNINCORPORATED,,
90313958,2016,2016-11-08,9130,2016-10-26,2225,019041,,3,3,9,5200,0,3,5,,2,020,"GYLE RD","RAWSON RD",10560.00,W,N,A,-,N,,,,,,,,,,Y,3,0,2,1,A,-,08,22107,,N,E,I,A,A,H,-,D,D,0,,,,,Y,,A,01,0,2,0,0,0,0,0,0,0,"- ","- ",40.001330000000003,-122.26275,TEHAMA,UNINCORPORATED,-122.26292269,40.001236040000002
90321227,2016,2016-11-16,9130,2016-11-08,1645,016355,,2,2,9,5200,0,3,5,,2,010,"FLORES AVENUE","S/B I-5 TO FLORES AVENUE",0.00,,Y,B,-,N,,,,,,,,,,Y,2,0,2,2,A,-,09,21801,A,N,A,C,A,A,H,-,A,D,0,,,Y,,Y,Y,A,01,1,1,0,0,0,0,0,0,2,"- ","- ",40.083979999999997,-122.21420000000001,TEHAMA,UNINCORPORATED,-122.21446395,40.083946339999997
9032370,2019,2020-02-06,5202,2019-12-19,0814,818,RBPD,4,5,3,5202,0,0,0,,0,,"LAY AV","S JACKSON ST",2.00,E,N,C,-,N,,,,,,,,,,N,3,0,2,3,A,-,10,21950,A,N,G,B,B,B,H,-,A,A,0,Y,,,,Y,,A,01,0,1,1,0,2,0,0,0,0,"- ","- ",40.167251586914062,-122.23783111572266,TEHAMA,"RED BLUFF",-122.23786926269531,40.167270660400391
90324683,2016,2016-11-18,9130,2016-11-09,1540,015667,,3,2,9,5200,0,1,3,,1,041,SR-99E,"CHAMPLIN SLOUGH",3168.00,N,N,A,-,Y,,,99,,,,,,,N,3,0,1,2,A,-,03,22350,,N,C,C,A,A,D,H,A,D,0,,,,,Y,Y,A,07,0,1,0,0,0,0,0,0,0,"- ","- ",39.988979999999998,-122.08358,TEHAMA,UNINCORPORATED,-122.08360338999999,39.988968440000001
90324732,2016,2016-11-18,9130,2016-11-09,0345,016355,,3,3,9,5200,0,1,1,,2,051,"I-5 SOUTHBOUND","RED BLUFF REST AREA",1584.00,N,N,A,-,Y,,,5,,,,,,S,Y,4,0,1,1,C,-,18,,,N,H,H,A,A,H,-,D,D,0,,,,,Y,,-,"- ",0,0,1,0,0,0,0,0,0,"- ","- ",40.271509999999999,-122.27,TEHAMA,UNINCORPORATED,-122.27008884,40.271478510000001
90342446,2016,2016-12-12,9130,2016-12-05,0610,015565,,1,1,9,5200,0,2,4,,2,042,"SOUTH AVENUE","MARGUERITE AVE",490.00,E,N,A,-,N,,,,,,,,,,Y,4,0,1,2,A,-,03,22350,,N,C,C,A,A,H,-,D,D,0,,,,,Y,,A,01,0,0,1,0,0,0,0,0,0,"- ","- ",39.906179999999999,-122.16757,TEHAMA,UNINCORPORATED,-122.16767286,39.906220949999998
90344717,2016,2016-12-14,9130,2016-12-05,1715,013996,,1,2,9,5200,0,1,3,,1,031,SR-99E,"KANSAS AVENUE",31.00,N,N,A,-,Y,,,99,,,,,,,Y,2,0,1,2,A,-,03,22350,,N,C,C,A,A,H,-,D,D,0,,,,,Y,,A,08,1,0,0,0,0,0,0,0,0,"- ","- ",40.123399999999997,-122.1206,TEHAMA,UNINCORPORATED,-122.12062761999999,40.123390450000002
90344821,2016,2016-12-14,9130,2016-12-03,1715,018812,,6,2,9,5200,0,2,4,,2,035,"SAN BENITO AVE","RAMSAY AVE",1056.00,N,N,A,-,N,,,,,,,,,,Y,1,1,0,2,A,-,01,23152,A,F,C,C,A,A,H,-,B,D,0,,,Y,,Y,Y,D,22,0,0,0,0,0,0,0,1,0,"- ","- ",40.062829999999998,-122.15666,TEHAMA,UNINCORPORATED,-122.1559704,40.061812529999997
90347152,2016,2016-12-19,9130,2016-12-08,1725,019041,,4,2,9,5200,0,1,3,,1,031,SR-99,"HOGSBACK RD",5280.00,S,N,B,C,Y,,,99,,,,,,,Y,3,0,2,2,A,-,08,22107,,N,A,C,A,B,H,-,D,D,0,,,,,Y,,A,01,0,1,1,0,0,0,0,0,0,"- ","- ",40.180430000000001,-122.17247,TEHAMA,UNINCORPORATED,-122.17250423,40.18039761
90359163,2016,2017-01-03,9130,2016-12-27,1100,015565,,2,1,9,5200,0,1,1,,2,051,"I-5 S/B","SOUTH MAIN STREET",528.00,N,N,A,-,Y,,,,,,,,,,N,4,0,3,2,D,-,00,,,N,C,C,A,A,H,-,A,D,0,,,,Y,Y,,-,"- ",0,0,3,0,0,0,0,0,0,"- ","- ",40.161499999999997,-122.22302000000001,TEHAMA,UNINCORPORATED,,
90364090,2016,2017-01-09,9130,2016-12-29,1540,015829,,4,2,9,5200,0,3,5,,2,010,"BASLER RD","HOOKER CREEK RD",4224.00,W,N,A,-,N,,,,,,,,,,Y,3,0,1,1,A,-,01,23152,A,N,E,I,A,A,H,-,A,D,0,,,,,Y,Y,A,01,0,1,0,0,0,0,0,0,0,"- ","- ",40.293199999999999,-122.34103,TEHAMA,UNINCORPORATED,-122.34066572,40.293391339999999
90365217,2016,2017-01-10,9130,2016-12-24,0420,019041,,6,3,3,5202,0,1,1,,2,051,"I-5 N/B","DIBBLE CREEK BRIDGE",0.00,,N,E,-,Y,,,5,,,,,,N,Y,1,1,2,3,A,-,05,21651,B,N,E,I,A,B,H,-,C,D,0,,,,,Y,Y,A,07,0,1,1,0,0,0,0,0,0,"- ","- ",40.201050000000002,-122.24215,TEHAMA,"RED BLUFF",-122.24210064,40.20108596
90367270,2017,2017-01-11,9130,2017-01-07,0735,015667,,6,1,9,5200,0,1,1,,2,051,"I-5 S/B","SUNSET HILLS DR.",1584.00,S,N,B,D,Y,,,5,,,,,,S,Y,3,0,3,1,A,-,03,22350,,N,F,A,A,C,H,-,A,D,0,,,,,Y,,A,01,0,2,1,0,0,0,0,0,0,"- ","- ",40.32179,-122.28091999999999,TEHAMA,UNINCORPORATED,-122.2810521,40.32177926
90381234,2017,2017-01-30,9130,2017-01-27,1200,015829,,5,1,9,5200,0,3,5,,2,030,"KINDLESPIRE RD","ASHURST ST",0.00,,Y,A,-,N,,,,,,,,,,Y,4,0,1,2,A,-,09,21800,A,F,D,C,A,A,H,-,A,D,0,,,,,Y,,A,07,0,0,1,0,0,0,0,0,0,"- ","- ",40.080480000000001,-122.17352,TEHAMA,UNINCORPORATED,-122.1735199,40.080469890000003
90387379,2017,2017-02-09,9130,2017-01-31,2340,016355,,2,3,9,5200,0,3,5,,2,010,"LAKE CALIFORNIA DRIVE","MAIN STREET",1056.00,E,N,A,-,N,,,,,,,,,,Y,4,0,2,2,A,-,05,21460,A,N,A,C,A,A,H,-,D,D,0,,,,,Y,,A,01,0,0,2,0,0,0,0,0,0,"- ","- ",40.367530000000002,-122.28196,TEHAMA,UNINCORPORATED,-122.28251263,40.36666701
9039663,2019,2020-09-14,5202,2019-12-24,1016,1668,RBPD,2,5,3,5202,0,0,0,,0,,"RT 36","BAKER RD",3643.00,E,N,B,-,Y,TEH,2,36,-,-,40.430,H,-,E,Y,3,0,1,1,A,-,08,22107,,N,F,A,A,A,H,-,A,D,0,,,,,Y,,A,07,0,1,0,0,0,0,0,0,0,"- ","- ",,,TEHAMA,"RED BLUFF",-122.25350189208984,40.20599365234375
90396949,2017,2017-02-21,9130,2017-02-11,1750,016447,,6,2,9,5200,0,2,4,,2,043,99W,"VIOLA AVE",115.00,S,N,A,-,N,,,,,,,,,,Y,4,0,1,2,A,-,03,22350,,N,C,C,A,A,H,-,D,D,0,,,,,Y,,D,22,0,0,1,0,0,0,0,0,0,"- ","- ",39.898789999999998,-122.19748,TEHAMA,UNINCORPORATED,-122.19749,39.898924200000003
90408795,2017,2017-03-09,9140,2017-03-05,1605,015598,,7,2,9,5200,0,1,3,,2,062,"STATE ROUTE 32","LOWER ALDER CREEK CAMP.",6072.00,E,N,D,-,Y,,,32,,,,,,,Y,2,0,3,1,A,-,03,22350,,N,E,I,A,C,H,-,A,D,0,,,,,Y,,A,07,1,2,0,0,0,0,0,0,0,"- ","- ",40.219160000000002,-121.48218,TEHAMA,UNINCORPORATED,-121.48218673,40.219104880000003
90416968,2017,2017-03-22,9130,2017-03-16,1540,015829,,4,2,9,5200,0,3,5,,2,010,"REEDS CREEK RD","JOHNSON RD",0.00,,Y,A,-,N,,,,,,,,,,Y,3,0,1,1,A,-,01,23152,A,N,F,A,A,A,H,-,A,D,0,,,,,Y,Y,D,22,0,1,0,0,0,0,0,0,0,"- ","- ",40.158239999999999,-122.35587,TEHAMA,UNINCORPORATED,-122.35584996999999,40.1581799
90418495,2017,2017-03-23,9130,2017-03-17,1230,017227,,5,1,3,5202,0,1,1,,2,051,"I-5 S/B","DIAMOND AVE",900.00,N,N,A,-,Y,,,5,,,,,,S,Y,3,0,1,1,C,-,18,,,N,H,H,A,A,H,-,A,D,0,,,,,Y,,-,"- ",0,1,0,0,0,0,0,0,0,"- ","- ",40.162869999999998,-122.22288,TEHAMA,"RED BLUFF",-122.22284864,40.162865779999997
90424545,2017,2017-03-30,9130,2017-03-21,1220,015565,,2,1,9,5200,0,3,5,,2,010,"BAKER ROAD","WALNUT STREET",0.00,,Y,B,-,N,,,,,,,,,,Y,3,0,5,2,A,-,09,21802,A,N,D,C,A,A,H,-,A,D,0,,,,,Y,,A,01,0,1,4,0,0,0,0,0,0,"- ","- ",40.15822,-122.2612,TEHAMA,UNINCORPORATED,-122.26107992,40.16840998
90426866,2017,2017-04-04,9130,2017-03-25,2140,018388,,6,2,9,5200,0,3,5,,2,020,"RAWSON RD","SAMSON AVE",0.00,,Y,A,-,N,,,,,,,,,,N,2,0,1,2,A,-,08,22107,,F,G,B,E,A,H,-,D,D,0,Y,,,,Y,,A,07,1,0,0,0,1,0,0,0,0,"- ","- ",39.935540000000003,-122.21621,TEHAMA,UNINCORPORATED,-122.21620991,39.935549989999998
90430739,2017,2017-04-10,9130,2017-04-01,1105,017227,,6,1,9,5200,0,1,3,,1,032,"SR-36 W/B","CANYON VIEW LOOP",3168.00,W,N,A,-,Y,,,36,,,,,,W,Y,3,0,1,1,A,-,08,22107,,N,F,A,A,A,H,-,A,D,0,,,,,Y,,A,01,0,1,0,0,0,0,0,0,0,"- ","- ",40.350290000000001,-121.77731,TEHAMA,UNINCORPORATED,-121.77729136000001,40.35036118
90432973,2017,2017-04-12,9130,2017-03-31,1900,018812,,5,2,9,5200,0,3,5,,2,040,"HOAG RD","MARY AVE",0.00,,Y,A,-,N,,,,,,,,,,Y,3,0,1,1,A,-,08,22107,,N,E,I,A,A,H,-,A,D,0,,,,,Y,,A,01,0,1,0,0,0,0,0,0,0,"- ","- ",39.927979999999998,-122.15079,TEHAMA,UNINCORPORATED,-122.15062987,39.927779960000002
90435662,2017,2017-04-17,9130,2017-04-06,1400,020975,,4,2,9,5200,0,3,5,,2,040,"COLYEAR SPRINGS RD","LOWREY RD",33264.00,W,N,B,C,N,,,,,,,,,,N,3,0,2,1,A,-,03,22350,,N,F,A,A,D,H,-,A,D,0,,,,,Y,,D,22,0,2,0,0,0,0,0,0,0,"- ","- ",40.040349999999997,-122.60387,TEHAMA,UNINCORPORATED,-122.60400054,40.040300090000002