CASE_ID,ACCIDENT_YEAR,PROC_DATE,JURIS,COLLISION_DATE,COLLISION_TIME,OFFICER_ID,REPORTING_DISTRICT,DAY_OF_WEEK,CHP_SHIFT,POPULATION,CNTY_CITY_LOC,SPECIAL_COND,BEAT_TYPE,CHP_BEAT_TYPE,CITY_DIVISION_LAPD,CHP_BEAT_CLASS,BEAT_NUMBER,PRIMARY_RD,SECONDARY_RD,DISTANCE,DIRECTION,INTERSECTION,WEATHER_1,WEATHER_2,STATE_HWY_IND,CALTRANS_COUNTY,CALTRANS_DISTRICT,STATE_ROUTE,ROUTE_SUFFIX,POSTMILE_PREFIX,POSTMILE,LOCATION_TYPE,RAMP_INTERSECTION,SIDE_OF_HWY,TOW_AWAY,COLLISION_SEVERITY,NUMBER_KILLED,NUMBER_INJURED,PARTY_COUNT,PRIMARY_COLL_FACTOR,PCF_CODE_OF_VIOL,PCF_VIOL_CATEGORY,PCF_VIOLATION,PCF_VIOL_SUBSECTION,HIT_AND_RUN,TYPE_OF_COLLISION,MVIW,PED_ACTION,ROAD_SURFACE,ROAD_COND_1,ROAD_COND_2,LIGHTING,CONTROL_DEVICE,CHP_ROAD_TYPE,PEDESTRIAN_ACCIDENT,BICYCLE_ACCIDENT,MOTORCYCLE_ACCIDENT,TRUCK_ACCIDENT,NOT_PRIVATE_PROPERTY,ALCOHOL_INVOLVED,STWD_VEHTYPE_AT_FAULT,CHP_VEHTYPE_AT_FAULT,COUNT_SEVERE_INJ,COUNT_VISIBLE_INJ,COUNT_COMPLAINT_PAIN,COUNT_PED_KILLED,COUNT_PED_INJURED,COUNT_BICYCLIST_KILLED,COUNT_BICYCLIST_INJURED,COUNT_MC_KILLED,COUNT_MC_INJURED,PRIMARY_RAMP,SECONDARY_RAMP,LATITUDE,LONGITUDE,COUNTY,CITY,POINT_X,POINT_Y
90454223,2017,2017-05-11,9130,2017-05-03,2054,015824,,3,2,9,5200,0,1,1,,2,051,"INTERSTATE 5 SOUTHBOUND","SUNSET HILLS RD",2640.00,N,N,A,-,Y,,,5,,,,,,S,Y,4,0,1,2,A,-,08,22107,,N,B,C,A,A,H,-,D,D,0,,,,Y,Y,,D,22,0,0,1,0,0,0,0,0,0,"- ","- ",40.3309,-122.2811,TEHAMA,UNINCORPORATED,-122.28164795000001,40.330883049999997
90462883,2017,2017-05-24,9140,2017-05-18,2047,018847,,4,2,9,5200,0,1,3,,2,062,SR-32,"SLATE CREEK",6336.00,W,N,A,-,Y,,,32,,,,,,,Y,4,0,1,1,C,-,18,,,N,H,H,A,A,H,-,D,D,0,,,Y,,Y,,-,"- ",0,0,1,0,0,0,0,0,1,"- ","- ",40.23292,-121.46707000000001,TEHAMA,UNINCORPORATED,-121.46702105999999,40.232867540000001
90468931,2017,2017-06-01,9130,2017-05-21,2320,015824,,7,3,9,5200,0,1,1,,2,051,"INTERSTATE 5 NORTHBOUND","FLORES AVE",8448.00,N,N,A,-,Y,,,5,,,,,,N,N,4,0,2,1,A,-,08,22107,,N,E,I,A,A,H,-,D,D,0,,,,,Y,,A,01,0,0,2,0,0,0,0,0,0,"- ","- ",40.0916,-122.217,TEHAMA,UNINCORPORATED,-122.21706828000001,40.091596410000001
90469021,2017,2017-06-01,9130,2017-05-21,0100,015829,,7,3,9,5200,0,1,1,,2,051,"I-5 S/B","SUNSET HILLS DRIVE",5280.00,N,N,A,-,Y,,,5,,,,,,S,Y,3,0,1,2,A,-,03,22350,,N,C,C,A,A,H,-,D,D,0,,,,,Y,,A,01,0,1,0,0,0,0,0,0,0,"- ","- ",40.341610000000003,-122.28247,TEHAMA,UNINCORPORATED,-122.28236633,40.341617960000001
90470878,2017,2017-06-05,9130,2017-05-25,1125,019041,,4,1,9,5200,0,1,3,,1,012,SR-36W,"KINNEY AVE",150.00,W,N,A,-,Y,,,36,,,,,,,Y,2,0,1,1,A,-,08,22107,,N,F,A,A,A,H,-,A,D,0,,,,,Y,,A,07,1,0,0,0,0,0,0,0,0,"- ","- ",40.22016,-122.28258,TEHAMA,UNINCORPORATED,-122.28253427999999,40.220276699999999
90475971,2017,2017-06-12,9130,2017-06-04,0100,016313,,7,3,9,5200,0,3,5,,2,010,"JELLYS FERRY ROAD","19325 JELLYS FERRY ROAD",528.00,E,N,A,-,N,,,,,,,,,,N,3,0,1,1,A,-,01,23152,A,N,F,A,A,A,H,-,D,D,0,,,Y,,Y,Y,C,02,0,1,0,0,0,0,0,0,1,"- ","- ",40.249699999999997,-122.2469,TEHAMA,UNINCORPORATED,,
90482609,2017,2017-06-21,9140,2017-06-11,1720,015598,,7,2,9,5200,0,1,3,,2,062,"STATE ROUTE 32","LOWER ALDER CREEK",2270.00,W,N,B,-,Y,,,32,,,,,,,Y,3,0,1,1,A,-,01,23152,A,N,E,I,A,B,H,-,A,D,0,,,,,Y,Y,D,22,0,1,0,0,0,0,0,0,0,"- ","- ",40.204239999999999,-121.51151,TEHAMA,UNINCORPORATED,-121.51151047,40.204250979999998
90488857,2017,2017-06-27,9130,2017-06-25,1235,015565,,7,1,9,5200,0,1,3,,1,031,SR-99,"4TH AVE",24.00,S,N,A,-,Y,,,99,,,,,,,N,4,0,1,2,A,-,03,22350,,N,C,C,A,A,H,-,A,D,0,,,,,Y,,A,07,0,0,1,0,0,0,0,0,0,"- ","- ",40.066839999999999,-122.10059,TEHAMA,UNINCORPORATED,-122.10071087999999,40.066839999999999
90489517,2017,2017-06-28,9130,2017-06-27,1610,015225,,2,2,9,5200,0,1,1,,2,052,"I-5 S/B","BURCH CREEK",72.00,N,N,A,-,Y,,,5,,,,,,S,Y,4,0,2,1,A,-,08,22107,,N,E,I,A,A,H,-,A,D,0,,,,,Y,,A,01,0,0,2,0,0,0,0,0,0,"- ","- ",39.909399999999998,-122.2,TEHAMA,UNINCORPORATED,-122.20035055,39.909398029999998
90501866,2017,2017-07-17,9130,2017-07-06,1040,015667,,4,1,9,5200,0,1,1,,2,051,"I-5 S/B","HOOKER CREEK RD",5280.00,S,N,A,-,Y,,,,,,,,,,Y,4,0,1,1,A,-,08,22107,,N,E,I,A,A,H,-,A,D,0,,,,,Y,,A,07,0,0,1,0,0,0,0,0,0,"- ","- ",40.271889999999999,-122.26925,TEHAMA,UNINCORPORATED,-122.27302272999999,40.279640260000001
90502282,2017,2017-07-17,9130,2017-07-02,1535,018812,,7,2,9,5200,0,1,1,,2,051,"I-5 N/B","WILCOX GOLF RD",1940.00,N,N,A,-,Y,,,5,,,,,,N,N,3,0,1,2,A,-,01,23152,A,F,B,C,A,A,H,-,A,D,0,,,,,Y,Y,A,07,0,1,0,0,0,0,0,0,0,"- ","- ",40.223889999999997,-122.25372,TEHAMA,UNINCORPORATED,-122.25370164,40.223895650000003
90506827,2017,2017-07-24,9130,2017-07-13,1550,015667,,4,2,9,5200,0,1,3,,1,012,"SR-36 E/B","BOWMAN ROAD",4224.00,E,N,A,-,Y,,,36,,,,,,E,Y,2,0,1,1,A,-,08,22107,,N,E,I,A,A,H,-,A,D,0,,,Y,,Y,,C,02,1,0,0,0,0,0,0,0,1,"- ","- ",40.268459999999997,-122.48786,TEHAMA,UNINCORPORATED,-122.48780427,40.268464180000002
90518146,2017,2017-08-07,9130,2017-07-29,1620,017227,,6,2,9,5200,0,1,1,,2,051,"INTERSTATE 5 (I-5) S/B","BOWMAN ROAD O/C",2000.00,N,N,A,-,Y,,,5,,,,,,S,Y,4,0,1,1,A,-,08,22107,,N,E,I,A,A,H,-,A,D,0,,,,,Y,,A,07,0,0,1,0,0,0,0,0,0,"- ","- ",40.37323,-122.28439,TEHAMA,UNINCORPORATED,-122.28458048,40.373226260000003
90518255,2017,2017-08-07,9130,2017-07-29,1615,015667,,6,2,9,5200,0,1,1,,2,051,"I-5 S/B","BOWMAN RD",2200.00,N,N,A,-,Y,,,5,,,,,,S,Y,3,0,1,2,A,-,08,22107,,N,E,I,A,A,H,-,A,D,0,,,,Y,Y,,A,07,0,1,0,0,0,0,0,0,0,"- ","- ",40.37323,-122.28439,TEHAMA,UNINCORPORATED,-122.28458048,40.373226260000003
90519037,2017,2017-08-08,9140,2017-07-29,1800,019971,,6,2,9,5200,0,1,3,,2,062,"STATE ROUTE 32","ELAM CAMPGROUND",8448.00,W,N,A,-,Y,,,,,,,,,,Y,3,0,1,1,A,-,03,22350,,N,F,A,A,A,H,-,A,D,0,,,Y,,Y,,C,02,0,1,0,0,0,0,0,0,1,"- ","- ",,,TEHAMA,UNINCORPORATED,,
90527361,2017,2017-08-21,9130,2017-08-10,1235,020975,,4,1,9,5200,0,1,1,,2,051,"I-5 S/B","JELLYS FERRY RD",11088.00,N,N,A,-,Y,,,5,,,,,,S,Y,4,0,1,2,A,-,03,22350,,N,C,C,A,A,H,-,A,D,0,,,,Y,Y,,A,08,0,0,1,0,0,0,0,0,0,"- ","- ",40.265250000000002,-122.2675,TEHAMA,UNINCORPORATED,-122.26750439,40.265247989999999
90530531,2017,2017-08-24,9130,2017-08-12,0835,020975,,6,1,9,5200,0,2,4,,2,035,"SAN BENITO AVE","HWY 99W",180.00,E,N,A,-,N,,,,,,,,,,Y,3,0,5,1,A,-,01,23152,A,F,E,I,A,A,H,-,A,D,0,,,,,Y,Y,A,01,0,2,3,0,0,0,0,0,0,"- ","- ",40.08173,-122.17037000000001,TEHAMA,UNINCORPORATED,-122.17047592999999,40.081676020000003
90535649,2017,2017-09-05,9130,2017-08-18,2245,016447,,5,3,9,5200,0,3,5,,2,010,"HOOKER CREEK ROAD","NORTH GRANITE DRIVE",528.00,W,N,A,-,N,,,,,,,,,,Y,3,0,1,1,A,-,01,23152,A,N,E,I,A,A,H,-,D,D,0,,,,,Y,Y,D,22,0,1,0,0,0,0,0,0,0,"- ","- ",40.294980000000002,-122.29206000000001,TEHAMA,UNINCORPORATED,-122.29122273,40.294605390000001
90546763,2017,2019-03-19,9130,2017-09-02,0835,016447,,6,1,2,5201,0,1,1,,2,052,"INTERSTATE 5 (I-5) NORTHBOUND (N/B)","CORNING ROAD",3072.00,S,N,A,-,Y,,,5,,,,,,N,Y,1,1,0,1,C,-,18,,,N,E,I,A,A,H,-,A,D,0,,,,,Y,,-,"- ",0,0,0,0,0,0,0,0,0,"- ","- ",39.924030000000002,-122.20004,TEHAMA,CORNING,-122.20008982,39.924029560000001
90550385,2017,2017-09-18,9130,2017-09-09,0005,020975,,6,3,9,5200,0,2,4,,2,013,"BOWMAN ROAD","MEEKS RD",528.00,E,N,A,-,N,,,,,,,,,,Y,4,0,1,1,A,-,03,22350,,N,E,I,A,A,C,-,D,A,0,,,,,Y,,A,07,0,0,1,0,0,0,0,0,0,"- ","- ",40.349969999999999,-122.3533,TEHAMA,UNINCORPORATED,-122.35319336000001,40.349996640000001
9055278,2020,2020-06-09,5202,2020-02-11,0225,595,1,2,5,3,5202,0,0,0,,0,001,"SOUTH MAIN ST","WILLOW ST",0.00,S,N,A,-,N,,,,,,,,,,,3,0,1,1,C,-,18,,,N,F,I,A,A,H,-,C,D,0,,Y,,,Y,,-,"- ",0,1,0,0,0,0,1,0,0,"- ","- ",,,TEHAMA,"RED BLUFF",-122.23119354248047,40.173160552978516
90555380,2017,2017-09-25,9130,2017-09-17,0730,016120,,7,1,9,5200,0,3,5,,2,040,"MARGUERITE AVE","SOUTH AVE",168.00,S,N,A,-,N,,,,,,,,,,Y,3,0,1,1,A,-,01,23152,A,N,E,I,A,A,H,-,A,A,0,,,,,Y,Y,A,01,0,1,0,0,0,0,0,0,0,"- ","- ",39.905520000000003,-122.16932,TEHAMA,UNINCORPORATED,-122.16940846999999,39.90576875
90556934,2017,2017-09-27,9130,2017-09-19,1210,015225,,2,1,9,5200,0,2,4,,2,043,"HIGHWAY 99W","TEHAMA AVE",0.00,,Y,A,-,N,,,,,,,,,,Y,4,0,1,2,A,-,05,21752,D,N,B,C,A,A,H,-,A,D,0,,,,,Y,,A,07,0,0,1,0,0,0,0,0,0,"- ","- ",40.0261,-122.1717,TEHAMA,UNINCORPORATED,-122.17177391,40.02606033
90557307,2017,2017-09-27,9130,2017-09-19,0710,013996,,2,1,9,5200,0,2,4,,2,013,"BOWMAN ROAD","AMEN LANE",338.00,E,N,A,-,N,,,,,,,,,,Y,4,0,1,2,A,-,03,22350,,N,C,C,A,A,H,-,A,D,0,,,,,Y,,A,08,0,0,1,0,0,0,0,0,0,"- ","- ",40.36018,-122.3202,TEHAMA,UNINCORPORATED,-122.32006672999999,40.360199999999999
90562047,2017,2017-10-03,9130,2017-09-22,1650,020975,,5,2,9,5200,0,3,5,,2,030,"WILCOX ROAD","ADOBE COURT",528.00,S,N,A,-,N,,,,,,,,,,Y,3,0,1,1,A,-,08,22107,,N,E,I,A,A,H,-,A,D,0,,,,,Y,,A,01,0,1,0,0,0,0,0,0,0,"- ","- ",40.204039999999999,-122.22757,TEHAMA,UNINCORPORATED,-122.23163695,40.206065109999997
90562739,2017,2017-10-04,9130,2017-09-27,0930,017227,,3,1,9,5200,0,1,3,,1,031,"SR-99 N/B","SALT CREEK RD",0.00,,Y,A,-,Y,,,99,,,,,,N,Y,4,0,3,2,A,-,03,22350,,N,C,C,A,A,H,-,A,A,0,,,,,Y,,A,07,0,0,3,0,0,0,0,0,0,"- ","- ",40.168140000000001,-122.15942,TEHAMA,UNINCORPORATED,-122.15942337,40.168130169999998
90567355,2017,2017-10-11,9140,2017-08-18,1120,16279,,5,1,9,5200,0,1,3,,2,062,"COLBY MT LOOKOUT RD","HUMBOLDT RD",11088.00,N,N,A,E,N,,,,,,,,,,Y,3,0,2,2,A,-,03,38305,,N,A,C,A,A,H,-,A,D,0,,,,,Y,,D,22,0,2,0,0,0,0,0,0,0,"- ","- ",40.129919999999998,-121.4773,TEHAMA,UNINCORPORATED,-121.47529720999999,40.120415819999998
90568995,2017,2017-10-12,9130,2017-09-29,0730,016447,,5,1,9,5200,0,1,3,,1,031,"STATE ROUTE 99 (SR 99)","LE CLAIRE AVE",0.00,,Y,A,-,Y,,,99,,,,,,,Y,2,0,2,2,A,-,09,21802,A,N,D,C,A,A,H,-,A,D,0,,,,,Y,,A,01,1,1,0,0,0,0,0,0,0,"- ","- ",40.110689999999998,-122.11327,TEHAMA,UNINCORPORATED,-122.11326533,40.110695200000002
90569356,2017,2017-10-12,9130,2017-09-30,1630,017562,,6,2,9,5200,0,3,5,,2,040,"KIRKWOOD RD","SOUTH AVE.",80.00,N,N,A,-,N,,,,,,,,,,Y,4,0,1,1,A,-,01,23152,A,N,E,I,A,A,H,-,A,D,0,,,,,Y,Y,A,01,0,0,1,0,0,0,0,0,0,"- ","- ",39.90645,-122.1785,TEHAMA,UNINCORPORATED,-122.17854151,39.90651965
90569411,2017,2017-10-12,9130,2017-10-04,1615,015565,,3,2,9,5200,0,3,5,,2,010,"BAKER ROAD","PLYMIRE RD",0.00,,Y,A,-,N,,,,,,,,,,N,3,0,1,2,A,-,09,21801,A,N,D,C,A,A,H,-,A,D,0,,,Y,,Y,,A,01,0,1,0,0,0,0,0,0,1,"- ","- ",40.197369999999999,-122.26536,TEHAMA,UNINCORPORATED,-122.26536989,40.19733995
9057099,2020,2020-06-10,5202,2020-03-22,1423,1668,RBPD,7,5,3,5202,0,0,0,,0,,"SOUTH JACKSON ST","ORANGE ST",3.00,S,N,A,-,N,,,,,,,,,,N,3,0,1,2,B,-,22,,,N,G,B,E,A,H,-,A,A,0,Y,,,,Y,,-,"- ",0,1,0,0,1,0,0,0,0,"- ","- ",,,TEHAMA,"RED BLUFF",-122.23787689208984,40.165351867675781
90571317,2017,2017-10-16,9130,2017-10-07,1430,015667,,6,2,9,5200,0,3,5,,2,030,"MANTON ROAD","SPRING BRANCH ROAD",5808.00,S,N,A,-,N,,,,,,,,,,Y,4,0,1,2,A,-,05,21460,A,N,B,C,A,A,H,-,A,D,0,,,,,Y,,A,01,0,0,1,0,0,0,0,0,0,"- ","- ",40.391300000000001,-122.00920000000001,TEHAMA,UNINCORPORATED,-122.00902617,40.391616259999999
90573920,2017,2017-10-19,9130,2017-10-17,0835,016120,,2,1,9,5200,0,1,1,,2,051,"I-5 S/B","COYOTE CREEK",4752.00,N,N,A,-,Y,,,5,,,,,,S,Y,4,0,1,2,A,-,01,23152,A,M,C,C,A,A,H,-,A,A,0,,,,Y,Y,Y,A,01,0,0,1,0,0,0,0,0,0,"- ","- ",40.108139999999999,-122.21801000000001,TEHAMA,UNINCORPORATED,-122.21821024,40.108125970000003
90583893,2017,2017-10-31,9130,2017-10-19,2225,020975,,4,3,3,5202,0,1,1,,2,051,"I-5 S/B","WILCOX RD",3168.00,S,N,B,C,Y,,,5,,,,,,S,Y,3,0,1,1,A,-,03,22350,,N,F,A,A,B,H,-,D,D,0,,,,,Y,Y,A,01,0,1,0,0,0,0,0,0,0,"- ","- ",40.210900000000002,-122.24827000000001,TEHAMA,"RED BLUFF",-122.24828169,40.210895010000002
90584174,2017,2017-10-31,9130,2017-10-19,2230,019041,,4,3,3,5202,0,1,1,,2,051,"I-5 S/B","WILCOX ROAD",3168.00,S,N,B,C,Y,,,5,,,,,,S,Y,4,0,1,3,A,-,03,22350,,N,D,C,A,B,H,-,D,D,0,,,,,Y,,A,08,0,0,1,0,0,0,0,0,0,"- ","- ",40.210810000000002,-122.2482,TEHAMA,"RED BLUFF",-122.24823840000001,40.210793610000003
90594816,2017,2017-11-15,9130,2017-11-08,2340,018812,,3,3,9,5200,0,3,5,,2,010,"BAKER RD",SR-36,350.00,S,N,B,-,N,,,,,,,,,,Y,4,0,1,1,A,-,08,22107,,N,E,I,A,B,H,-,D,D,0,,,,,Y,,A,07,0,0,1,0,0,0,0,0,0,"- ","- ",40.206989999999998,-122.26484000000001,TEHAMA,UNINCORPORATED,-122.2648555,40.207415410000003
90594994,2017,2017-11-15,9130,2017-11-09,1030,019840,,4,1,9,5200,0,3,5,,2,010,"RED BANK RD","EATON DR.",1850.00,W,N,B,-,N,,,,,,,,,,Y,3,0,2,1,A,-,08,22107,,N,E,I,A,A,H,-,A,D,0,,,,,Y,,D,22,0,2,0,0,0,0,0,0,0,"- ","- ",40.103230000000003,-122.35724999999999,TEHAMA,UNINCORPORATED,-122.3572889,40.103287960000003
90601064,2017,2017-11-22,9130,2017-11-13,1500,013996,,1,2,9,5200,0,1,1,,2,051,"I-5 S/B","JELLYS FERRY RD",1584.00,S,N,B,C,Y,,,5,,,,,,S,Y,3,0,1,2,A,-,03,22350,,N,C,C,A,A,C,-,A,D,0,,,,,Y,,A,01,0,1,0,0,0,0,0,0,0,"- ","- ",40.229100000000003,-122.25489,TEHAMA,UNINCORPORATED,-122.25487219,40.229101049999997
90605629,2017,2017-12-14,9130,2017-11-20,1705,017227,,1,2,9,5200,0,2,4,,2,034,"ROAD 99W","TYLER RD",50.00,N,N,B,C,N,,,,,,,,,,Y,2,0,3,2,A,-,03,22350,,N,D,C,A,B,H,-,D,D,0,,,,,Y,,A,07,1,0,2,0,0,0,0,0,0,"- ","- ",40.133719999999997,-122.20667,TEHAMA,UNINCORPORATED,-122.20650369000001,40.133651350000001
9060721,2020,2020-06-05,5202,2020-02-05,1907,2290,RBPD,3,5,3,5202,0,0,0,,0,,"KIMBALL RD","SOUTH JACKSON ST",30.00,W,N,A,-,N,,,,,,,,,,Y,4,0,2,2,A,-,03,22350,,N,C,C,A,A,H,-,C,A,0,,,,,Y,,A,01,0,0,2,0,0,0,0,0,0,"- ","- ",,,TEHAMA,"RED BLUFF",-122.23800659179688,40.157302856445312
90615640,2017,2017-12-12,9130,2017-12-03,1515,013996,,7,2,9,5200,0,1,1,,2,051,"I-5 N/B","JELLYS FERRY ROAD",2640.00,S,N,A,-,Y,,,5,,,,,,N,Y,4,0,1,1,A,-,08,22107,,N,F,A,A,A,H,-,A,D,0,,,,,Y,,A,07,0,0,1,0,0,0,0,0,0,"- ","- ",40.2288,-122.25478,TEHAMA,UNINCORPORATED,-122.25439305,40.2288371
90616095,2017,2017-12-13,9140,2017-12-04,2055,016732,,1,2,9,5200,0,1,3,,2,062,SR-32,"SLATE CREEK O/C",3960.00,W,N,A,G,Y,,,,,,,,,,Y,4,0,1,1,C,-,18,,,N,E,J,A,A,H,-,D,D,0,,,,,Y,,-,"- ",0,0,1,0,0,0,0,0,0,"- ","- ",40.230020000000003,-121.46813,TEHAMA,UNINCORPORATED,,
90619519,2017,2017-12-18,9130,2017-12-07,0945,017692,,4,1,9,5200,0,1,1,,2,052,"I-5 N/B","SOUR GRASS O/C",2112.00,S,N,A,-,Y,,,5,,,,,,N,Y,3,0,1,2,A,-,03,22350,,N,C,C,A,A,H,-,A,A,0,,,,Y,Y,,G,25,0,1,0,0,0,0,0,0,0,"- ","- ",39.844009999999997,-122.19994,TEHAMA,UNINCORPORATED,-122.19986442,39.844010050000001
90631318,2017,2018-01-02,9130,2017-12-20,1240,015667,,3,1,9,5200,0,3,5,,2,030,"JELLYS FERRY RD","PENNELEME RD",0.00,,Y,A,-,N,,,,,,,,,,Y,3,0,1,2,A,-,05,21752,D,N,D,C,A,A,H,-,A,D,0,,,,,Y,,A,01,0,1,0,0,0,0,0,0,0,"- ","- ",40.243589999999998,-122.24968,TEHAMA,UNINCORPORATED,-122.24967998,40.243609939999999
90633219,2017,2018-01-04,9130,2017-12-25,1544,015565,,1,2,9,5200,0,1,1,,2,052,"I-5 S/B FROM FINNELL AVE.","FINNELL AVENUE",848.00,S,N,A,-,Y,,,5,,,,R,,S,Y,3,0,1,1,A,-,01,23152,A,N,E,I,A,A,H,-,A,D,0,,,,,Y,Y,A,01,0,1,0,0,0,0,0,0,0,"- ","- ",39.954509999999999,-122.20032999999999,TEHAMA,UNINCORPORATED,-122.20032999999999,39.954509999999999
90640607,2018,2018-01-16,9140,2018-01-15,1500,015598,,1,2,9,5200,0,1,3,,2,062,"STATE ROUTE 32","UPPER ALDER CREEK CAMPGROUND",1056.00,E,N,A,-,Y,,,32,,,,,,,Y,2,0,1,1,A,-,03,22350,,N,E,I,A,A,H,-,A,D,0,,,,,Y,,A,07,1,0,0,0,0,0,0,0,0,"- ","- ",40.210559844970703,-121.49437713623047,TEHAMA,UNINCORPORATED,-121.49439239501953,40.210582733154297
90640922,2018,2018-01-16,9130,2018-01-05,1230,015667,,5,1,9,5200,0,3,5,,2,040,"RIVER RD","PIEDMONT RD",656.00,E,N,B,C,N,,,,,,,,,,Y,4,0,1,1,A,-,08,22107,,N,E,I,A,B,H,-,A,D,0,,,,,Y,,A,07,0,0,1,0,0,0,0,0,0,"- ","- ",39.975238800048828,-122.14817810058594,TEHAMA,UNINCORPORATED,-122.14814758300781,39.975193023681641
90651640,2018,2018-01-30,9130,2018-01-23,1140,015225,,2,1,9,5200,0,1,3,,1,031,SR-99,"TAFT ST",14.00,N,N,B,-,Y,,,99,,,,,,,Y,3,0,3,2,A,-,03,22350,,N,C,C,A,A,H,-,A,D,0,,,,,Y,,A,07,0,1,2,0,0,0,0,0,0,"- ","- ",40.047340393066406,-122.10047912597656,TEHAMA,UNINCORPORATED,-122.10054016113281,40.047336578369141
90652980,2018,2018-02-14,9130,2018-01-25,0445,017227,,4,3,9,5200,0,3,5,,2,040,"HAMILTON AVE","DEWIG AVE",1320.00,E,N,A,-,N,,,,,,,,,,Y,3,0,1,1,A,-,08,22107,,N,E,I,A,A,H,-,D,D,0,,,,,Y,,A,01,0,1,0,0,0,0,0,0,0,"- ","- ",40.014499664306641,-122.15850067138672,TEHAMA,UNINCORPORATED,-122.15850830078125,40.014556884765625
90674524,2018,2018-03-05,9130,2018-02-20,0705,013996,,2,1,9,5200,0,3,5,,2,030,"MAIN STREET","COTTONWOOD CREEK",528.00,S,N,B,-,N,,,,,,,,,,Y,2,0,1,2,A,-,05,21460,A,F,A,C,A,A,H,-,A,D,0,,,,,Y,,A,01,1,0,0,0,0,0,0,0,0,"- ","- ",40.3743896484375,-122.28376007080078,TEHAMA,UNINCORPORATED,-122.2838134765625,40.374401092529297
90682976,2018,2018-03-15,9130,2018-03-06,1530,015225,,2,2,9,5200,0,1,1,,2,051,"I-5 N/B","BOWMAN ROAD",2640.00,S,N,A,-,N,,,5,,,,,,N,N,4,0,2,2,A,-,07,21658,A,N,B,C,A,A,H,-,A,D,0,,,,,Y,,A,01,0,0,2,0,0,0,0,0,0,"- ","- ",40.359760284423828,-122.28321838378906,TEHAMA,UNINCORPORATED,-122.28327178955078,40.359752655029297
90691138,2018,2018-03-27,9130,2018-03-19,2015,015565,,1,2,9,5200,0,3,5,,2,020,"PASKENTA ROAD","ELDER CREEK",150.00,S,N,A,-,N,,,,,,,,,,Y,4,0,1,1,A,-,08,22107,,N,F,A,A,A,H,-,D,D,0,,,,,Y,,A,01,0,0,1,0,0,0,0,0,0,"- ","- ",40.031181335449219,-122.29283142089844,TEHAMA,UNINCORPORATED,-122.29277801513672,40.031524658203125
90696733,2018,2018-04-02,9130,2018-03-22,1720,017692,,4,2,9,5200,0,3,5,,2,030,"MAIN ST.","LAKE CALIFORNIA DR",0.00,,Y,A,-,N,,,,,,,,,,Y,4,0,2,2,A,-,09,21802,A,N,D,C,A,A,H,-,A,A,0,,,,,Y,,D,22,0,0,2,0,0,0,0,0,0,"- ","- ",40.368968963623047,-122.282470703125,TEHAMA,UNINCORPORATED,-122.2825927734375,40.369010925292969
90697039,2018,2018-04-02,9130,2018-03-24,2118,019840,,6,2,9,5200,0,1,3,,1,031,"ANTELOPE BLVD","HWY 36 EAST",0.00,,Y,A,B,N,,,,,,,,,,N,2,0,1,2,A,-,09,21801,A,N,A,C,A,A,H,-,C,D,0,,,Y,,Y,,A,01,1,0,0,0,0,0,0,0,1,"- ","- ",40.185710906982422,-122.18612670898438,TEHAMA,UNINCORPORATED,-122.18605041503906,40.185710906982422
90699404,2018,2018-04-05,9130,2018-03-26,2130,015824,,1,2,9,5200,0,2,4,,2,013,"BOWMAN RD","AMEN LN",528.00,W,N,A,-,N,,,,,,,,,,Y,4,0,1,1,A,-,08,22107,,N,E,I,A,A,H,-,D,D,0,,,,,Y,,A,01,0,0,1,0,0,0,0,0,0,"- ","- ",40.360191345214844,-122.32422637939453,TEHAMA,UNINCORPORATED,-122.32317352294922,40.360179901123047
90708065,2018,2018-04-18,9130,2018-04-09,1519,015565,,1,2,9,5200,0,3,5,,2,020,"PASKENTA ROAD","GYLE ROAD",2112.00,S,N,A,-,N,,,,,,,,,,Y,2,0,1,1,A,-,01,23152,A,N,E,I,A,A,H,-,A,D,0,,,,,Y,Y,A,01,1,0,0,0,0,0,0,0,0,"- ","- ",39.99591064453125,-122.30320739746094,TEHAMA,UNINCORPORATED,-122.30303192138672,39.996246337890625
90727334,2018,2018-05-30,9130,2018-05-06,1420,015824,,7,2,9,5200,0,2,4,,2,044,"ARAMAYO WAY",SR-99,20.00,W,N,A,-,Y,,,,,,,,,,N,4,0,1,2,A,-,03,22350,,M,C,C,A,A,H,-,A,D,0,,,Y,,Y,,D,22,0,0,1,0,0,0,0,0,1,"- ","- ",40.027931213378906,-122.10006713867188,TEHAMA,UNINCORPORATED,-122.09996795654297,40.027965545654297
90734834,2018,2018-05-25,9130,2018-05-19,0630,015829,,6,1,9,5200,0,1,1,,2,051,"I-5 S/B","WILCOX GOLF RD",945.00,S,N,A,-,Y,,,5,,,,,,S,Y,4,0,1,1,A,-,01,23152,F,N,F,A,A,A,H,-,A,D,0,,,,,Y,,A,01,0,0,1,0,0,0,0,0,0,"- ","- ",40.216110229492188,-122.25054168701172,TEHAMA,UNINCORPORATED,-122.25041198730469,40.216163635253906
90737503,2018,2018-05-30,9130,2018-05-21,0755,012900,,1,1,9,5200,0,2,4,,2,035,"SAN BENITO AVE","GERBER RD",0.00,,Y,A,-,Y,,,,,,,,,,Y,3,0,1,2,A,-,12,22450,A,N,D,C,A,A,H,-,A,A,0,,,,,Y,,A,07,0,1,0,0,0,0,0,0,0,"- ","- ",40.047901153564453,-122.14710235595703,TEHAMA,UNINCORPORATED,-122.14679718017578,40.047828674316406