CASE_ID,ACCIDENT_YEAR,PROC_DATE,JURIS,COLLISION_DATE,COLLISION_TIME,OFFICER_ID,REPORTING_DISTRICT,DAY_OF_WEEK,CHP_SHIFT,POPULATION,CNTY_CITY_LOC,SPECIAL_COND,BEAT_TYPE,CHP_BEAT_TYPE,CITY_DIVISION_LAPD,CHP_BEAT_CLASS,BEAT_NUMBER,PRIMARY_RD,SECONDARY_RD,DISTANCE,DIRECTION,INTERSECTION,WEATHER_1,WEATHER_2,STATE_HWY_IND,CALTRANS_COUNTY,CALTRANS_DISTRICT,STATE_ROUTE,ROUTE_SUFFIX,POSTMILE_PREFIX,POSTMILE,LOCATION_TYPE,RAMP_INTERSECTION,SIDE_OF_HWY,TOW_AWAY,COLLISION_SEVERITY,NUMBER_KILLED,NUMBER_INJURED,PARTY_COUNT,PRIMARY_COLL_FACTOR,PCF_CODE_OF_VIOL,PCF_VIOL_CATEGORY,PCF_VIOLATION,PCF_VIOL_SUBSECTION,HIT_AND_RUN,TYPE_OF_COLLISION,MVIW,PED_ACTION,ROAD_SURFACE,ROAD_COND_1,ROAD_COND_2,LIGHTING,CONTROL_DEVICE,CHP_ROAD_TYPE,PEDESTRIAN_ACCIDENT,BICYCLE_ACCIDENT,MOTORCYCLE_ACCIDENT,TRUCK_ACCIDENT,NOT_PRIVATE_PROPERTY,ALCOHOL_INVOLVED,STWD_VEHTYPE_AT_FAULT,CHP_VEHTYPE_AT_FAULT,COUNT_SEVERE_INJ,COUNT_VISIBLE_INJ,COUNT_COMPLAINT_PAIN,COUNT_PED_KILLED,COUNT_PED_INJURED,COUNT_BICYCLIST_KILLED,COUNT_BICYCLIST_INJURED,COUNT_MC_KILLED,COUNT_MC_INJURED,PRIMARY_RAMP,SECONDARY_RAMP,LATITUDE,LONGITUDE,COUNTY,CITY,POINT_X,POINT_Y
91240210,2020,2020-05-20,9130,2020-05-11,1515,019714,,1,2,9,5200,0,3,5,,2,010,"HOOKER CREEK RD","OAK HOLLOW DR",1584.00,W,N,B,C,N,,,,,,,,,,Y,3,0,1,1,A,-,08,22107,,N,E,I,A,B,H,-,A,D,0,,,,,Y,,A,01,0,1,0,0,0,0,0,0,0,"- ","- ",40.296791076660156,-122.30799102783203,TEHAMA,UNINCORPORATED,-122.31720733642578,40.299060821533203
91243607,2020,2020-05-28,9130,2020-05-19,1535,015824,,2,2,9,5200,0,1,3,,1,032,"STATE ROUTE 36","LANES VELLEY RD",5280.00,E,N,A,-,Y,,,36,,,,,,,Y,3,0,1,1,A,-,08,22107,,N,F,A,A,A,H,-,A,D,0,,,,,Y,,A,01,0,1,0,0,0,0,0,0,0,"- ","- ",40.342929840087891,-121.89820098876953,TEHAMA,UNINCORPORATED,-121.89815521240234,40.342800140380859
91245293,2020,2020-06-03,9140,2020-05-22,1150,018847,,5,1,9,5200,0,1,3,,2,061,SR-36,SR-32,0.00,,Y,A,-,Y,,,36,,,,,,,Y,3,0,1,2,A,-,09,21801,A,N,A,C,A,A,H,-,A,D,0,,,,,Y,,D,22,0,1,0,0,0,0,0,0,0,"- ","- ",40.279380798339844,-121.42124938964844,TEHAMA,UNINCORPORATED,-121.42123413085938,40.279407501220703
91246405,2020,2020-06-02,9140,2020-05-18,2045,021238,,1,2,9,5200,0,1,3,,2,061,"STATE ROUTE 36","STATE ROUTE 172",5280.00,W,N,B,C,Y,,,36,,,,,,,Y,4,0,1,1,A,-,03,22350,,N,F,A,A,B,H,-,D,D,0,,,,,Y,,A,01,0,0,1,0,0,0,0,0,0,"- ","- ",40.354290008544922,-121.52603149414062,TEHAMA,UNINCORPORATED,-121.52604675292969,40.354217529296875
91246435,2020,2020-06-02,9140,2020-05-27,0530,015598,,3,3,9,5200,0,1,3,,2,062,"STATE ROUTE 32","CALF CREEK",2376.00,W,N,A,-,Y,,,32,,,,,,,Y,3,0,1,1,A,-,08,22107,,N,E,I,A,A,H,-,B,D,0,,,,Y,Y,,G,26,0,1,0,0,0,0,0,0,0,"- ","- ",40.162841796875,-121.56806182861328,TEHAMA,UNINCORPORATED,-121.56798553466797,40.162811279296875
91247827,2020,2020-06-05,9130,2020-05-27,2030,019110,,3,2,9,5200,0,3,5,,2,040,"ROWLES RD","TECATE RD",790.00,E,N,A,-,N,,,,,,,,,,Y,4,0,1,1,A,-,03,22350,,N,E,I,A,A,H,-,B,D,0,,,,,Y,,A,01,0,0,1,0,0,0,0,0,0,"- ","- ",39.912960052490234,-122.02644348144531,TEHAMA,UNINCORPORATED,-122.02641296386719,39.912891387939453
91249201,2020,2020-06-08,9130,2020-05-31,1635,019218,,7,2,9,5200,0,3,5,,2,020,"PASKENTA RD","RANCHO TEHAMA RD",255.00,N,N,A,-,N,,,,,,,,,,Y,3,0,2,1,A,-,08,22107,,N,E,I,A,A,H,-,A,D,0,,,,,Y,,D,22,0,2,0,0,0,0,0,0,0,"- ","- ",40.030811309814453,-122.29280853271484,TEHAMA,UNINCORPORATED,-122.29278564453125,40.031017303466797
91250410,2020,2020-06-10,9130,2020-06-01,1550,018812,,1,2,9,5200,0,1,1,,2,051,"I-5 N/B","COYOTE CREEK",35.00,N,N,A,-,Y,,,5,,,,,,N,N,4,0,2,2,A,-,03,22350,,N,C,C,A,A,H,-,A,D,0,,,,,Y,,D,22,0,0,2,0,0,0,0,0,0,"- ","- ",40.089141845703125,-122.21690368652344,TEHAMA,UNINCORPORATED,-122.21694946289062,40.089138031005859
91256807,2020,2020-06-24,9130,2020-06-13,1417,015667,,6,2,9,5200,0,1,3,,1,031,"ANTELOPE BLVD.",SR-36,0.00,,Y,A,-,N,,,,,,,,,,Y,3,0,2,2,A,-,09,21801,A,N,A,C,A,A,H,-,A,D,0,,,,,Y,,A,07,0,2,0,0,0,0,0,0,0,"- ","- ",40.185710906982422,-122.18608856201172,TEHAMA,UNINCORPORATED,-122.18605041503906,40.185710906982422
91263531,2020,2020-07-06,9130,2020-06-02,0230,019792,,2,3,9,5200,0,1,3,,1,032,SR-36,"STICE RD.",1705.00,E,N,A,-,Y,,,36,,,,,,,Y,1,1,1,1,A,-,01,23152,G,N,E,I,A,A,H,-,D,D,0,,,,,Y,Y,D,22,1,0,0,0,0,0,0,0,0,"- ","- ",40.210521697998047,-122.18170928955078,TEHAMA,UNINCORPORATED,-122.18170166015625,40.210514068603516
91269070,2020,2020-07-15,9130,2020-07-14,0920,013857,,2,1,9,5200,0,3,5,,2,010,"PASKENTA ROAD","LIVE OAK RD",0.00,,Y,A,-,N,,,,,,,,,,Y,3,0,2,2,A,-,09,21802,A,N,D,C,A,A,H,-,A,A,0,,,,,Y,,A,01,0,2,0,0,0,0,0,0,0,"- ","- ",40.150199890136719,-122.25669860839844,TEHAMA,UNINCORPORATED,-122.25673675537109,40.150211334228516
91269139,2020,2020-07-15,9130,2020-07-05,0145,020579,,7,3,9,5200,0,3,5,,2,030,"JELLYS FERRY RD","SPRING BRANCH RD",3379.00,W,N,A,-,N,,,,,,,,,,Y,4,0,1,1,A,-,03,22350,,N,E,I,A,A,H,-,D,D,0,,,,,Y,,A,01,0,0,1,0,0,0,0,0,0,"- ","- ",40.38629150390625,-122.172119140625,TEHAMA,UNINCORPORATED,-122.17200469970703,40.386245727539062
91269581,2020,2020-07-16,9130,2020-07-06,1640,019742,,1,2,9,5200,0,1,3,,1,012,SR-36,"R WILD HORSE RANCH",65.00,E,N,A,-,Y,,,36,,,,,,,Y,3,0,2,1,A,-,01,23152,A,N,E,I,A,A,H,-,A,D,0,,,,,Y,Y,A,07,0,2,0,0,0,0,0,0,0,"- ","- ",40.319629669189453,-122.80229949951172,TEHAMA,UNINCORPORATED,-122.80229949951172,40.319629669189453
91272660,2020,2020-07-22,9130,2020-07-12,0325,020579,,7,3,9,5200,0,1,3,,1,012,SR-36E,"SEVEN MILE CREEK",4013.00,E,N,A,-,Y,,,36,,,,,,,Y,3,0,1,1,A,-,08,22107,,N,F,A,A,A,H,-,D,D,0,,,,,Y,,A,01,0,1,0,0,0,0,0,0,0,"- ","- ",40.254291534423828,-122.14405059814453,TEHAMA,UNINCORPORATED,-122.14414215087891,40.254375457763672
91275105,2020,2020-07-27,9130,2020-07-17,1104,018083,,5,1,9,5200,0,3,5,,2,030,"JELLYS FERRY ROAD","JULIE LANE",33.00,W,N,A,-,N,,,,,,,,,,Y,3,0,4,1,A,-,08,22107,,N,E,I,A,A,H,-,A,D,0,,,,,Y,,A,07,0,1,3,0,0,0,0,0,0,"- ","- ",40.260368347167969,-122.12751770019531,TEHAMA,UNINCORPORATED,-122.23755645751953,40.260425567626953
91276306,2020,2020-07-29,9130,2020-07-19,1015,019218,,7,1,9,5200,0,1,3,,1,012,SR-36,"BAKER RD",0.00,,Y,A,-,Y,,,36,,,,,,,Y,3,0,3,2,A,-,09,21802,A,N,D,C,A,A,H,-,A,D,0,,,,,Y,,A,01,0,2,1,0,0,0,0,0,0,"- ","- ",40.208328247070312,-122.26451110839844,TEHAMA,UNINCORPORATED,-122.26451110839844,40.208351135253906
91279743,2020,2020-08-03,9130,2020-07-24,1132,018083,,5,1,9,5200,0,3,5,,2,040,"FLOURNOY AVENUE","KIRKWOOD ROAD",0.00,,Y,A,-,N,,,,,,,,,,Y,3,0,3,2,A,-,09,21802,A,N,D,C,A,A,H,-,A,A,0,,,,,Y,,A,01,0,2,1,0,0,0,0,0,0,"- ","- ",39.884609222412109,-122.17784118652344,TEHAMA,UNINCORPORATED,-122.17788696289062,39.884628295898438
91280922,2020,2020-08-05,9130,2020-07-26,2040,015824,,7,2,9,5200,0,3,5,,2,040,"TEHAMA VINA RD",SR-99,25.00,W,N,A,-,Y,,,,,,,,,,N,4,0,1,2,A,-,21,22106,,N,C,C,A,A,D,-,A,A,0,,,,,Y,,D,22,0,0,1,0,0,0,0,0,0,"- ","- ",40.031150817871094,-122.10012054443359,TEHAMA,UNINCORPORATED,,
91281723,2020,2020-08-06,9130,2020-07-27,1900,019742,,1,2,9,5200,0,1,3,,1,041,SR-99,"TEHAMA AND VINA RD",410.00,N,N,A,-,Y,,,99,,,,,,,Y,3,0,2,2,A,-,05,21460,A,N,A,C,A,A,H,-,A,D,0,,,,,Y,,A,07,0,2,0,0,0,0,0,0,0,"- ","- ",39.959041595458984,-122.06134033203125,TEHAMA,UNINCORPORATED,-122.06133270263672,39.959053039550781
91283119,2020,2020-08-10,9130,2020-06-01,1625,019218,,1,2,9,5200,0,3,5,,2,020,"PASKENTA ROAD","RANCHO TEHAMA ROAD",2640.00,S,N,A,-,N,,,,,,,,,,Y,1,2,1,2,A,-,01,23152,F,F,D,C,A,A,H,-,A,D,0,,,,,Y,,A,01,0,1,0,0,0,0,0,0,0,"- ","- ",40.023109436035156,-122.29579162597656,TEHAMA,UNINCORPORATED,-122.29560852050781,40.024066925048828
91285894,2020,2020-08-13,9140,2020-08-03,1240,015598,,1,1,9,5200,0,1,3,,2,062,"STATE ROUTE 32","DEER CREEK FALLS",475.00,W,N,A,-,Y,,,32,,,,,,,Y,4,0,1,2,A,-,05,21460,A,N,B,C,A,A,H,-,A,D,0,,,,,Y,,D,22,0,0,1,0,0,0,0,0,0,"- ","- ",40.199489593505859,-121.51570892333984,TEHAMA,UNINCORPORATED,-121.51568603515625,40.199462890625
91289239,2020,2020-08-19,9140,2020-08-14,1220,015686,,5,1,9,5200,0,1,3,,2,061,"STATE ROUTE 36","GURNSEY CREEK",1056.00,W,N,B,-,Y,,,36,,,,,,,Y,2,0,1,1,C,-,18,,,N,H,H,A,A,H,-,A,D,0,,,Y,,Y,,-,"- ",1,0,0,0,0,0,0,0,1,"- ","- ",40.309318542480469,-121.42878723144531,TEHAMA,UNINCORPORATED,-121.42880249023438,40.309303283691406
91290207,2020,2020-08-21,9130,2020-08-12,1450,019714,,3,2,9,5200,0,2,4,,2,034,"ROAD 99 WEST","GYLE RD",0.00,,Y,A,-,Y,,,,,,,,,,Y,3,0,2,2,A,-,09,21802,A,N,D,C,A,A,H,-,A,D,0,,,,,Y,,A,01,0,1,1,0,0,0,0,0,0,"- ","- ",40.005481719970703,-122.17198181152344,TEHAMA,UNINCORPORATED,,
91296374,2020,2020-08-31,9130,2020-08-22,0435,020579,,6,3,9,5200,0,1,3,,1,031,SR-99E,"PUGH AVE",146.00,N,N,A,-,Y,,,99,,,,,,,Y,3,0,3,1,A,-,01,23152,A,N,E,I,A,A,H,-,D,D,0,,,,,Y,Y,A,01,0,2,1,0,0,0,0,0,0,"- ","- ",40.166030883789062,-122.15548706054688,TEHAMA,UNINCORPORATED,-122.15542602539062,40.166091918945312
91296401,2020,2020-08-31,9130,2020-08-22,0710,019218,,6,1,9,5200,0,1,1,,2,052,"I-5 N/B","GALLAGHER AVE",1225.00,N,N,B,-,Y,,,5,,,,,,N,Y,4,0,1,2,A,-,07,21658,A,F,B,C,A,A,H,-,A,D,0,,,,,Y,,-,99,0,0,1,0,0,0,0,0,0,"- ","- ",39.946830749511719,-122.20008850097656,TEHAMA,UNINCORPORATED,-122.20011138916016,39.946830749511719
91299828,2020,2020-09-07,9130,2020-08-28,0040,019792,,5,3,9,5200,0,1,1,,2,052,"I-5 NB","MOORE CREEK",2640.00,N,N,A,-,Y,,,5,,,,,,N,Y,4,0,1,2,A,-,03,22350,,N,C,C,A,A,H,-,D,D,0,,,,Y,Y,,A,01,0,0,1,0,0,0,0,0,0,"- ","- ",39.824989318847656,-122.19976806640625,TEHAMA,UNINCORPORATED,-122.19981384277344,39.824989318847656
91313188,2020,2020-09-28,9130,2020-09-17,1125,019041,,4,1,9,5200,0,3,5,,2,020,"NEWVILLE RD","STONEY CREEK BRIDGE",85.00,W,N,A,-,N,,,,,,,,,,Y,2,0,1,1,A,-,01,23152,F,N,E,I,A,A,H,-,A,D,0,,,,,Y,,A,01,1,0,0,0,0,0,0,0,0,"- ","- ",39.818740844726562,-122.32566833496094,TEHAMA,UNINCORPORATED,,
91317714,2020,2020-10-05,9130,2020-09-26,1655,015667,,6,2,9,5200,0,3,5,,2,040,"HOAG ROAD","EAST AVE.",39.00,W,N,A,-,N,,,,,,,,,,Y,3,0,1,2,A,-,03,22350,,N,C,C,A,A,H,-,A,D,0,,,Y,,Y,,C,02,0,1,0,0,0,0,0,0,1,"- ","- ",39.927799224853516,-122.141357421875,TEHAMA,UNINCORPORATED,-122.14134979248047,39.927818298339844
91317805,2020,2020-10-05,9130,2020-09-26,1410,019110,,6,2,9,5200,0,1,3,,1,012,"STATE ROUTE 36W","KINNEY AVE",35.00,W,N,A,-,Y,,,36,,,,,,,Y,4,0,1,1,A,-,08,22107,,N,E,I,A,A,H,-,A,D,0,,,,,Y,,D,22,0,0,1,0,0,0,0,0,0,"- ","- ",40.220169067382812,-122.28208923339844,TEHAMA,UNINCORPORATED,-122.28213500976562,40.220088958740234
91318659,2020,2020-10-06,9130,2020-09-27,0228,020579,,7,3,9,5200,0,3,5,,2,010,"RAWSON RD","OHM RD",173.00,S,N,A,-,N,,,,,,,,,,N,3,0,2,1,A,-,08,22107,,N,E,I,A,A,H,-,D,D,0,,,Y,,Y,Y,C,02,0,2,0,0,0,0,0,0,2,"- ","- ",40.113021850585938,-122.23226928710938,TEHAMA,UNINCORPORATED,-122.23226928710938,40.113075256347656
91320956,2020,2020-10-09,9140,2020-09-25,2205,021683,,5,3,9,5200,0,1,3,,2,062,"STATE ROUTE 32","ELAM CREEK",0.00,,Y,A,-,Y,,,32,,,,,,,Y,3,0,3,1,A,-,08,22107,,N,E,I,A,A,H,-,D,D,0,,,,,Y,,A,08,0,3,0,0,0,0,0,0,0,"- ","- ",40.249408721923828,-121.44721984863281,TEHAMA,UNINCORPORATED,-121.44727325439453,40.249401092529297
91326286,2020,2020-10-19,9130,2020-10-07,1500,015667,,3,2,9,5200,0,3,5,,2,020,"CORNING RD","FREEMAN SCHOOLHOUSE RD",787.00,W,N,A,-,N,,,,,,,,,,Y,3,0,1,1,A,-,08,22107,,N,F,A,A,A,H,-,A,D,0,,,,,Y,,A,01,0,1,0,0,0,0,0,0,0,"- ","- ",39.929008483886719,-122.29134368896484,TEHAMA,UNINCORPORATED,-122.29150390625,39.92901611328125
91326315,2020,2020-10-19,9130,2020-10-07,1455,019218,,3,2,9,5200,0,1,3,,1,031,SR-99E,"HOGSBACK RD",530.00,S,N,A,-,Y,,,99,,,,,,,Y,3,0,1,1,A,-,08,22107,,N,E,I,A,A,H,-,A,D,0,,,,,Y,,D,22,0,1,0,0,0,0,0,0,0,"- ","- ",40.183158874511719,-122.17501831054688,TEHAMA,UNINCORPORATED,-122.17510223388672,40.183082580566406
91332352,2020,2020-10-27,9130,2020-10-18,2225,020579,,7,3,9,5200,0,2,4,,2,013,"BOWMAN RD","LITTLE BEACH LN",1320.00,W,N,A,-,N,,,,,,,,,,Y,3,0,1,1,A,-,01,23152,A,N,E,I,A,A,H,-,D,D,0,,,,,Y,Y,A,01,0,1,0,0,0,0,0,0,0,"- ","- ",40.322189331054688,-122.44402313232422,TEHAMA,UNINCORPORATED,,
91339183,2020,2020-11-04,9130,2020-10-23,1025,019041,,5,1,9,5200,0,3,5,,2,040,"ORANGEWOOD RD","HALL RD",0.00,,Y,A,-,N,,,,,,,,,,N,4,0,1,2,A,-,09,21802,A,N,D,C,A,A,H,-,A,A,0,,,,,Y,,A,07,0,0,1,0,0,0,0,0,0,"- ","- ",39.960590362548828,-122.1224365234375,TEHAMA,UNINCORPORATED,-122.12245941162109,39.960559844970703
91342110,2020,2020-11-09,9130,2020-10-29,1945,019110,,4,2,9,5200,0,3,5,,2,040,"HOAG RD","OREN AVE",18.00,W,N,A,-,N,,,,,,,,,,Y,4,0,1,2,A,-,03,22350,,N,C,C,A,A,H,-,C,D,0,,,,,Y,,A,01,0,0,1,0,0,0,0,0,0,"- ","- ",39.927711486816406,-122.16017150878906,TEHAMA,UNINCORPORATED,-122.16004943847656,39.927761077880859
91356558,2020,2020-12-01,9130,2020-11-19,1241,018083,,4,1,9,5200,0,2,4,,2,043,"RD 99W","GALLAGHER AVENUE",1584.00,N,N,A,-,N,,,,,,,,,,Y,3,0,2,2,A,-,03,22350,,N,C,C,A,A,H,-,A,D,0,,,,Y,Y,,D,22,0,2,0,0,0,0,0,0,0,"- ","- ",39.946849822998047,-122.17922210693359,TEHAMA,UNINCORPORATED,-122.17918395996094,39.946739196777344
91357657,2020,2020-12-02,9135,2020-11-20,1920,017956,,5,2,9,5200,0,1,S,,2,904,SR-36,"DRY CREEK BRIDGE",100.00,W,N,A,-,Y,,,,,,,,,,Y,4,0,1,1,C,-,18,,,N,H,H,A,A,H,-,D,A,0,,,,,Y,,-,"- ",0,0,1,0,0,0,0,0,0,"- ","- ",,,TEHAMA,UNINCORPORATED,,
91366782,2020,2020-12-14,9130,2020-12-04,2035,015667,,5,2,9,5200,0,1,3,,1,031,SR-99,"BLACKBERRY AVE",400.00,S,N,A,-,Y,,,99,,,,,,,N,4,0,1,1,C,-,18,,,N,H,H,A,A,H,-,D,D,0,,,,,Y,,-,"- ",0,0,1,0,0,0,0,0,0,"- ","- ",40.150028228759766,-122.14021301269531,TEHAMA,UNINCORPORATED,-122.14022064208984,40.150020599365234
91367841,2020,2020-12-15,9130,2020-12-12,0924,018083,,6,1,9,5200,0,2,4,,2,043,"RD 99W","OLIVEWOOD RD",800.00,S,N,A,-,N,,,,,,,,,,Y,4,0,1,1,A,-,08,22107,,N,E,I,A,A,H,-,A,D,0,,,,,Y,,A,01,0,0,1,0,0,0,0,0,0,"- ","- ",39.87554931640625,-122.19747161865234,TEHAMA,UNINCORPORATED,-122.19740295410156,39.875602722167969
91367905,2020,2020-12-15,9130,2020-12-13,0655,016120,,7,1,9,5200,0,3,5,,2,040,"KIRKWOOD RD","INGHRAM RD",0.00,,Y,C,-,N,,,,,,,,,,N,4,0,1,1,A,-,08,22107,,N,E,I,A,B,H,-,D,A,0,,,,,Y,,D,22,0,0,1,0,0,0,0,0,0,"- ","- ",38.857749938964844,-122.16349792480469,TEHAMA,UNINCORPORATED,-122.16349029541016,39.857700347900391
91376059,2020,2021-01-13,9130,2020-12-21,1640,019714,,1,2,9,5200,0,1,3,,1,041,"SR-99 N/B","ARAMAYO WAY",157.00,S,N,A,-,Y,,,99,,,,,,N,Y,1,1,2,5,A,-,01,23152,A,N,C,C,A,A,H,-,A,D,0,,,,,Y,Y,D,22,0,0,2,0,0,0,0,0,0,"- ","- ",40.027351379394531,-122.09982299804688,TEHAMA,UNINCORPORATED,-122.09989166259766,40.027347564697266
91381168,2020,2021-01-05,9130,2020-12-26,1450,015667,,6,2,9,5200,0,1,3,,1,032,SR-36,"PAYNES CREEK WAGON RD",1194.00,W,N,B,-,Y,,,36,,,,,,,Y,2,0,3,2,A,-,08,22107,,N,E,C,A,A,H,-,A,D,0,,,,,Y,,A,08,1,1,1,0,0,0,0,0,0,"- ","- ",40.262149810791016,-122.13725280761719,TEHAMA,UNINCORPORATED,-122.13727569580078,40.262168884277344
91388888,2021,2021-01-18,9130,2021-01-09,1051,018083,,6,1,9,5200,0,1,3,,1,041,SR-99,"GRANT STREET",100.00,S,N,A,-,Y,,,99,,,,,,,Y,4,0,2,4,A,-,03,22350,,N,C,C,A,A,H,-,A,D,0,,,,,Y,,A,01,0,0,2,0,0,0,0,0,0,"- ","- ",40.024570465087891,-122.09980773925781,TEHAMA,UNINCORPORATED,-122.09986877441406,40.024570465087891
91389602,2021,2021-01-18,9130,2021-01-13,2250,019742,,3,3,9,5200,0,3,5,,2,040,"CAPAY ROAD","BAYMILLER AVENUE",33.00,N,N,A,-,N,,,,,,,,,,Y,3,0,1,1,A,-,08,22107,,N,F,A,A,A,H,-,D,D,0,,,,,Y,,A,01,0,1,0,0,0,0,0,0,0,"- ","- ",39.833820343017578,-122.14305877685547,TEHAMA,UNINCORPORATED,-122.14304351806641,39.833683013916016
91390292,2021,2021-01-19,9130,2021-01-17,1430,015667,,7,2,9,5200,0,2,4,,2,013,"BOWMAN RD","BROADHURST RD.",957.00,W,N,B,-,N,,,,,,,,,,Y,4,0,3,2,A,-,03,22350,,N,C,C,A,A,H,-,A,D,0,,,,,Y,,A,01,0,0,3,0,0,0,0,0,0,"- ","- ",40.360248565673828,-122.30812072753906,TEHAMA,UNINCORPORATED,-122.30832672119141,40.360233306884766
91393118,2021,2021-01-25,9130,2021-01-18,0735,016120,,1,1,1,5203,0,1,1,,2,052,"INTERSTATE 5 S/B","SOUR GRASS RD",4200.00,S,N,A,-,Y,,,,,,,,,,N,4,0,2,2,A,-,03,22350,,N,C,C,A,A,H,-,A,D,0,,,,,Y,,A,07,0,0,2,0,0,0,0,0,0,"- ","- ",39.836788177490234,-122.20011901855469,TEHAMA,TEHAMA,-122.20015716552734,39.847171783447266
91393122,2021,2021-01-25,9130,2021-01-21,0540,019218,,4,3,9,5200,0,1,1,,2,052,"I-5 N/B","LIBERAL AVE",894.00,N,N,A,-,Y,,,5,,,,,,N,Y,4,0,1,1,A,-,08,22107,,N,E,I,A,A,H,-,D,D,0,,,,Y,Y,,G,26,0,0,1,0,0,0,0,0,0,"- ","- ",39.884151458740234,-122.20011138916016,TEHAMA,UNINCORPORATED,-122.19996643066406,39.884151458740234
91394951,2021,2021-01-27,9130,2021-01-12,1930,015824,,2,2,3,5202,0,3,5,,2,010,"RAWSON RD","PROBERT AVE",55.00,N,N,A,-,N,,,,,,,,,,Y,4,0,1,1,A,-,08,22107,,N,E,I,A,A,H,-,D,D,0,,,,,Y,,A,01,0,0,1,0,0,0,0,0,0,"- ","- ",40.098918914794922,-122.23268890380859,TEHAMA,"RED BLUFF",-122.23270416259766,40.098911285400391
9141044,2020,2020-11-25,5202,2020-08-15,2034,1180,RBPD,6,5,3,5202,0,0,0,,0,,"MAIN ST","SUTTER ST",285.00,N,N,A,-,Y,TEH,2,5,-,R,24.473,R,4,N,N,4,0,1,2,C,-,18,,,N,A,C,A,A,H,-,C,D,0,,,,,Y,,-,"- ",0,0,1,0,0,0,0,0,0,"- ","- ",40.1531982421875,-122.22029876708984,TEHAMA,"RED BLUFF",-122.22320556640625,40.151664733886719
9141045,2020,2020-10-16,5202,2020-08-20,1916,818,RBPD,4,5,3,5202,0,0,0,,0,,"S JACKSON ST","VISTA WY",24.00,S,N,A,-,N,,,,,,,,,,N,2,0,1,1,A,-,08,22107,,N,E,I,A,A,H,-,A,A,0,,,,,Y,,A,01,1,0,0,0,0,0,0,0,0,"- ","- ",,,TEHAMA,"RED BLUFF",-122.23792266845703,40.153644561767578
91415445,2021,2021-02-25,9130,2021-02-16,2057,020158,,2,2,9,5200,0,1,1,,2,051,"I-5 N/B FROM ANTELOPE BLVD. W/B","ANTELOPE BLVD.",900.00,N,N,A,-,Y,,,5,,,,R,,N,Y,3,0,1,1,A,-,01,23152,A,N,E,I,A,A,H,-,D,D,0,,,,,Y,Y,D,22,0,1,0,0,0,0,0,0,0,"- ","- ",40.182991027832031,-122.22673034667969,TEHAMA,UNINCORPORATED,-122.22673034667969,40.182991027832031
91415529,2021,2021-02-25,9130,2021-02-17,2310,020158,,3,3,9,5200,0,1,3,,1,031,"STATE ROUTE 99","THIRD AVENUE",20.00,S,N,A,-,Y,,,99,,,,,,,N,3,0,1,1,A,-,01,23152,A,N,F,A,A,A,H,-,D,D,0,,,Y,,Y,Y,C,02,0,1,0,0,0,0,0,0,1,"- ","- ",40.063419342041016,-122.10070037841797,TEHAMA,UNINCORPORATED,-122.1007080078125,40.063419342041016
91418237,2021,2021-03-01,9130,2021-02-23,1230,018083,,2,1,3,5202,0,3,5,,2,040,"GYLE ROAD","FAIRFIELD AVENUE",331.00,E,N,A,-,N,,,,,,,,,,Y,2,0,1,1,A,-,08,22107,,N,E,I,A,A,H,-,A,D,0,,,,,Y,,B,07,1,0,0,0,0,0,0,0,0,"- ","- ",40.001731872558594,-122.18924713134766,TEHAMA,"RED BLUFF",-122.18958282470703,40.001758575439453
91418958,2021,2021-03-02,9130,2021-02-22,1014,019742,,1,1,9,5200,0,1,1,,2,051,"I-5 SOUTHBOUND TO FLORES AVENE","FLORES AVENUE",820.00,N,N,A,-,Y,,,5,,,,R,,S,Y,4,0,1,1,A,-,08,22107,,N,F,A,A,A,H,-,A,D,0,,,,,Y,,D,22,0,0,1,0,0,0,0,0,0,"- ","- ",40.085380554199219,-122.21806335449219,TEHAMA,UNINCORPORATED,-122.21806335449219,40.085380554199219
91421845,2021,2021-03-15,9130,2021-02-27,1650,015667,,6,2,9,5200,0,1,3,,1,041,"SR-99 N/B","TEHAMA & VINA RD.",0.00,,Y,A,-,Y,,,99,,,,,,N,N,3,0,1,2,A,-,09,21802,A,N,D,C,A,A,H,-,A,D,0,,,Y,,Y,,C,02,0,1,0,0,0,0,0,0,1,"- ","- ",40.031120300292969,-122.09995269775391,TEHAMA,UNINCORPORATED,-122.09991455078125,40.031120300292969
91424207,2021,2021-03-10,9130,2021-02-15,1410,016408,,1,2,9,5200,0,2,4,,2,042,"SOUTH AVE",SR-99,5.00,W,N,B,-,N,,,,,,,,,,N,4,0,1,2,A,-,03,22350,,M,C,C,A,B,H,-,A,A,0,,,,,Y,,D,22,0,0,1,0,0,0,0,0,0,"- ","- ",39.931758880615234,-122.03318023681641,TEHAMA,UNINCORPORATED,-122.0328369140625,39.931621551513672