CASE_ID,ACCIDENT_YEAR,PROC_DATE,JURIS,COLLISION_DATE,COLLISION_TIME,OFFICER_ID,REPORTING_DISTRICT,DAY_OF_WEEK,CHP_SHIFT,POPULATION,CNTY_CITY_LOC,SPECIAL_COND,BEAT_TYPE,CHP_BEAT_TYPE,CITY_DIVISION_LAPD,CHP_BEAT_CLASS,BEAT_NUMBER,PRIMARY_RD,SECONDARY_RD,DISTANCE,DIRECTION,INTERSECTION,WEATHER_1,WEATHER_2,STATE_HWY_IND,CALTRANS_COUNTY,CALTRANS_DISTRICT,STATE_ROUTE,ROUTE_SUFFIX,POSTMILE_PREFIX,POSTMILE,LOCATION_TYPE,RAMP_INTERSECTION,SIDE_OF_HWY,TOW_AWAY,COLLISION_SEVERITY,NUMBER_KILLED,NUMBER_INJURED,PARTY_COUNT,PRIMARY_COLL_FACTOR,PCF_CODE_OF_VIOL,PCF_VIOL_CATEGORY,PCF_VIOLATION,PCF_VIOL_SUBSECTION,HIT_AND_RUN,TYPE_OF_COLLISION,MVIW,PED_ACTION,ROAD_SURFACE,ROAD_COND_1,ROAD_COND_2,LIGHTING,CONTROL_DEVICE,CHP_ROAD_TYPE,PEDESTRIAN_ACCIDENT,BICYCLE_ACCIDENT,MOTORCYCLE_ACCIDENT,TRUCK_ACCIDENT,NOT_PRIVATE_PROPERTY,ALCOHOL_INVOLVED,STWD_VEHTYPE_AT_FAULT,CHP_VEHTYPE_AT_FAULT,COUNT_SEVERE_INJ,COUNT_VISIBLE_INJ,COUNT_COMPLAINT_PAIN,COUNT_PED_KILLED,COUNT_PED_INJURED,COUNT_BICYCLIST_KILLED,COUNT_BICYCLIST_INJURED,COUNT_MC_KILLED,COUNT_MC_INJURED,PRIMARY_RAMP,SECONDARY_RAMP,LATITUDE,LONGITUDE,COUNTY,CITY,POINT_X,POINT_Y
91425450,2021,2021-03-11,9130,2021-02-23,2120,015667,,2,2,9,5200,0,2,4,,2,043,"ROAD 99W","TEHAMA AVE.",0.00,,Y,A,-,N,,,,,,,,,,Y,3,0,1,2,A,-,09,21802,A,F,D,C,A,A,H,-,D,D,0,,,,,Y,,D,22,0,1,0,0,0,0,0,0,0,"- ","- ",40.026058197021484,-122.17178344726562,TEHAMA,UNINCORPORATED,-122.17177,40.026060000000001
91426744,2021,2021-03-15,9130,2021-03-06,1230,019742,,6,1,9,5200,0,1,3,,1,031,SR-99E,"ELDRID AVENUE",185.00,S,N,A,-,Y,,,99,,,,,,,Y,4,0,4,2,A,-,03,22350,,N,C,C,A,A,H,-,A,D,0,,,,,Y,,A,01,0,0,4,0,0,0,0,0,0,"- ","- ",40.138671875,-122.12943267822266,TEHAMA,UNINCORPORATED,-122.12946319580078,40.138641357421875
91433233,2021,2021-03-23,9140,2021-03-17,1100,021043,,3,1,9,5200,0,1,3,,2,062,"STATE ROUTE 32","USFS ROAD 28N12",1584.00,N,N,A,-,Y,,,,,,,,,,Y,2,0,1,1,A,-,08,22107,,N,E,I,A,A,H,-,A,D,0,,,,,Y,,A,01,1,0,0,0,0,0,0,0,0,"- ","- ",40.256649017333984,-121.44969177246094,TEHAMA,UNINCORPORATED,,
91445558,2021,2021-04-07,9130,2021-04-03,2330,020580,,6,3,9,5200,0,1,1,,2,051,"INTERSTATE 5 N/B","SUNSET HILLS DR.",1000.00,N,N,A,-,Y,,,5,,,,,,N,Y,4,0,1,1,A,-,01,23152,,N,E,I,A,A,H,-,D,D,0,,,,,Y,,A,07,0,0,1,0,0,0,0,0,0,"- ","- ",40.329788208007812,-122.28118133544922,TEHAMA,UNINCORPORATED,-122.28114318847656,40.329792022705078
91448159,2021,2021-04-12,9130,2021-04-01,2500,019792,,4,4,9,5200,0,1,3,,1,032,SR-36,"STEWART RANCH RD.",38016.00,E,N,A,-,Y,,,36,,,,,,,N,4,0,1,1,A,-,08,22107,,N,E,I,A,A,H,-,D,D,0,,,,,Y,,A,01,0,0,1,0,0,0,0,0,0,"- ","- ",40.282840728759766,-122.58660888671875,TEHAMA,UNINCORPORATED,-122.58654022216797,40.283065795898438
91448277,2021,2021-04-12,9130,2021-04-10,1120,019742,,6,1,9,5200,0,2,4,,2,013,"BOWMAN ROAD","ADAMS ROAD",35.00,E,N,A,-,N,,,,,,,,,,N,4,0,2,2,A,-,03,22350,,N,C,C,A,A,H,-,A,D,0,,,,,Y,,D,22,0,0,2,0,0,0,0,0,0,"- ","- ",40.364269256591797,-122.29810333251953,TEHAMA,UNINCORPORATED,-122.29811859130859,40.364372253417969
91452918,2021,2021-04-19,9130,2021-04-11,0840,019742,,7,1,9,5200,0,3,5,,2,040,"HOUGHTON AVENUE","FIG LANE",689.00,S,N,A,-,N,,,,,,,,,,Y,2,0,1,2,A,-,05,21650,,N,A,C,A,A,H,-,A,D,0,,,,,Y,,A,01,1,0,0,0,0,0,0,0,0,"- ","- ",39.918369293212891,-122.18824005126953,TEHAMA,UNINCORPORATED,-122.18817901611328,39.918827056884766
91453678,2021,2021-05-27,9130,2021-04-17,0240,020579,,6,3,9,5200,0,3,5,,2,030,"BEND FERRY ROAD","JELLYS FERRY ROAD",2587.00,E,N,A,-,N,,,,,,,,,,Y,3,0,1,1,A,-,08,22107,,M,E,I,A,A,H,-,D,D,0,,,,,Y,,A,01,0,1,0,0,0,0,0,0,0,"- ","- ",40.261661529541016,-122.21881866455078,TEHAMA,UNINCORPORATED,-122.21910858154297,40.261970520019531
91456239,2021,2021-05-27,9130,2021-04-15,0950,018083,,4,1,9,5200,0,2,4,,2,042,"SOUTH AVENUE","ILLINOIS AVE",0.00,,Y,A,-,N,,,,,,,,,,Y,3,0,2,2,A,-,03,22350,,N,C,C,A,A,H,-,A,D,0,,,,,Y,,A,01,0,2,0,0,0,0,0,0,0,"- ","- ",39.907821655273438,-122.09384918212891,TEHAMA,UNINCORPORATED,-122.09384918212891,39.907791137695312
91476764,2021,2021-05-27,9130,2021-05-08,1450,018710,,6,2,9,5200,0,1,1,,2,051,"INTERSTATE 5 N/B","FINNELL AVENUE",534.00,N,N,A,-,Y,,,5,,,,,,N,Y,3,0,2,2,A,-,03,22350,,N,C,C,A,A,H,-,A,D,0,,,,,Y,,A,01,0,2,0,0,0,0,0,0,0,"- ","- ",39.958919525146484,-122.20011901855469,TEHAMA,UNINCORPORATED,-122.20010375976562,39.958919525146484
91488757,2021,2021-06-03,9130,2021-05-22,1334,018083,,6,1,9,5200,0,1,3,,1,031,SR-99E,"6TH AVENUE",528.00,N,N,A,-,Y,,,99,,,,,,,Y,3,0,5,4,A,-,03,22350,,N,C,C,A,A,H,-,A,D,0,,,,,Y,,A,07,0,3,2,0,0,0,0,0,0,"- ","- ",40.075721740722656,-122.10067749023438,TEHAMA,UNINCORPORATED,-122.10066986083984,40.075721740722656
91489035,2021,2021-06-03,9130,2021-05-28,1030,019714,,5,1,9,5200,0,2,4,,2,034,SR-99W,"GYLE ROAD",675.00,N,N,A,-,Y,,,,,,,,,,Y,3,0,1,2,A,-,08,22107,,N,B,C,A,A,H,-,A,D,0,,,,Y,Y,,G,25,0,1,0,0,0,0,0,0,0,"- ","- ",40.007450103759766,-122.17180633544922,TEHAMA,UNINCORPORATED,-122.17195892333984,40.005481719970703
91490007,2021,2021-06-07,9140,2021-05-26,1040,021043,,3,1,1,5203,0,1,3,,2,062,"STATE ROUTE 32","USFS ROAD 28N12",7392.00,W,N,A,-,Y,,,,,,,,,,Y,2,0,1,1,A,-,08,22107,,N,E,8,A,A,H,-,A,D,0,,,,Y,Y,,G,25,1,0,0,0,0,0,0,0,0,"- ","- ",40.234138488769531,-121.46163940429688,TEHAMA,TEHAMA,,
91492701,2021,2021-06-09,9130,2021-06-03,2350,019792,,4,3,9,5200,0,3,5,,2,040,"BALLARD AVE.","STEPHENS AVE",320.00,E,N,A,-,N,,,,,,,,,,Y,2,0,1,1,A,-,01,23152,A,N,F,I,A,A,H,-,D,D,0,,,Y,,Y,Y,C,06,1,0,0,0,0,0,0,0,1,"- ","- ",39.908618927001953,-122.04801177978516,TEHAMA,UNINCORPORATED,-122.04820251464844,39.90850830078125
9149335,2020,2020-11-20,5202,2020-09-04,1502,1475,RBPD,5,5,3,5202,0,0,0,,0,002,"GRANT ST","DOUGLASS ST",18.00,S,N,A,F,N,,,,,,,,,,N,3,0,1,1,A,-,05,21650,1,N,F,A,A,A,A,B,A,D,0,,Y,,,Y,,L,04,0,1,0,0,0,0,1,0,0,"- ","- ",40.182880401611328,-122.23957824707031,TEHAMA,"RED BLUFF",-122.23956298828125,40.182807922363281
91493451,2021,2021-06-09,9130,2021-06-05,1505,019742,,6,2,9,5200,0,1,3,,1,012,SR-36,"TUSCAN SPRINGS ROAD",7920.00,W,N,A,-,Y,,,36,,,,,,,Y,4,0,1,1,A,-,08,22107,,N,F,A,A,A,H,-,A,D,0,,,,,Y,,A,01,0,0,1,0,0,0,0,0,0,"- ","- ",40.26116943359375,-122.13818359375,TEHAMA,UNINCORPORATED,-122.13817596435547,40.261165618896484
91506642,2021,2021-06-25,9130,2021-06-11,1708,018710,,5,2,9,5200,0,3,5,,2,030,"ST. MARYS AVENUE","MARJIE AVE",1900.00,N,N,A,-,N,,,,,,,,,,Y,2,0,1,2,A,-,03,22350,,N,C,C,A,A,H,-,A,D,0,,,Y,,Y,,C,02,1,0,0,0,0,0,0,0,1,"- ","- ",40.196601867675781,-122.19026947021484,TEHAMA,UNINCORPORATED,-122.19029998779297,40.196468353271484
91506650,2021,2021-06-25,9130,2021-06-16,1648,018710,,3,2,9,5200,0,3,5,,2,020,"PASKENTA RD","GYLE RD",714.00,N,N,A,-,N,,,,,,,,,,Y,4,0,1,1,A,-,08,22107,,N,E,I,A,A,H,-,A,D,0,,,,,Y,,A,01,0,0,1,0,0,0,0,0,0,"- ","- ",40.002239227294922,-122.29917907714844,TEHAMA,UNINCORPORATED,-122.29938507080078,40.002677917480469
91507160,2021,2021-06-28,9130,2021-06-19,0310,020158,,6,3,9,5200,0,1,1,,2,052,"I-5 NORTHBOUND","SOUTH AVENUE",1584.00,S,N,A,-,Y,,,5,,,,,,N,Y,3,0,1,2,A,-,08,22107,,N,E,I,A,A,H,-,C,D,0,,,,Y,Y,,G,27,0,1,0,0,0,0,0,0,0,"- ","- ",39.901981353759766,-122.19994354248047,TEHAMA,UNINCORPORATED,-122.20004272460938,39.9019775390625
91515026,2021,2021-07-07,9130,2021-05-08,0039,020579,,6,3,9,5200,0,1,3,,1,031,SR-99E,"CONE GROVE RD",732.00,N,N,A,G,Y,,,99,,,,,,,Y,1,1,0,2,A,-,01,23152,A,N,A,C,A,A,H,-,D,D,0,,,,Y,Y,Y,A,07,0,0,0,0,0,0,0,0,0,"- ","- ",40.171218872070312,-122.16375732421875,TEHAMA,UNINCORPORATED,-122.16379547119141,40.171188354492188
91517222,2021,2021-07-12,9130,2021-06-30,2202,018710,,3,3,9,5200,0,2,4,,2,034,"HIGHWAY 99 WEST","GYLE RD",0.00,,Y,A,-,N,,,,,,,,,,N,4,0,1,2,A,-,09,21802,A,N,D,C,A,A,H,-,A,A,0,,,,,Y,,D,22,0,0,1,0,0,0,0,0,0,"- ","- ",40.005470275878906,-122.17194366455078,TEHAMA,UNINCORPORATED,-122.171944,40.005470000000003
91517533,2021,2021-07-12,9130,2021-07-10,1635,019110,,6,2,9,5200,0,3,5,,2,010,"BASLER RD","GOLDEN ARROW DR",0.00,,Y,A,-,N,,,,,,,,,,Y,4,0,1,2,A,-,12,22450,A,N,D,C,A,A,H,-,A,D,0,,,,,Y,,A,01,0,0,1,0,0,0,0,0,0,"- ","- ",40.279518127441406,-122.373291015625,TEHAMA,UNINCORPORATED,-122.37325286865234,40.279510498046875
91522656,2021,2021-07-19,9130,2021-07-07,1125,018812,,3,1,9,5200,0,1,1,,2,051,"I-5 S/B","BOWMAN ROAD",3854.00,S,N,A,-,Y,,,5,,,,,,S,Y,3,0,2,2,A,-,03,22350,,N,C,C,A,A,H,-,A,D,0,,,,,Y,,A,01,0,2,0,0,0,0,0,0,0,"- ","- ",40.357200622558594,-122.28338623046875,TEHAMA,UNINCORPORATED,-122.28352355957031,40.357189178466797
91539546,2021,2021-08-09,9130,2021-08-01,0835,019742,,7,1,9,5200,0,3,5,,2,030,"WILLIAMS AVE","GILMORE RANCH RD",1056.00,N,N,A,-,N,,,,,,,,,,N,2,0,2,2,A,-,03,22350,,N,C,G,A,A,H,-,A,D,0,,Y,,,Y,,L,04,1,1,0,0,0,0,2,0,0,"- ","- ",40.171451568603516,-122.21485900878906,TEHAMA,UNINCORPORATED,-122.21409606933594,40.174339294433594
91544992,2021,2021-08-16,9130,2021-08-11,1510,019742,,3,2,9,5200,0,3,5,,2,040,"SAN MATEO AVENUE","SAMSON AVENUE",0.00,,Y,A,-,N,,,,,,,,,,Y,2,0,2,2,A,-,12,22450,A,N,D,C,A,A,H,-,A,A,0,,,,,Y,,A,07,2,0,0,0,0,0,0,0,0,"- ","- ",40.056171417236328,-122.15068817138672,TEHAMA,UNINCORPORATED,-122.15066528320312,40.056175231933594
91557827,2021,2021-08-30,9130,2021-08-24,2255,019041,,2,3,9,5200,0,1,3,,1,012,"PAYNES CREEK LOOP",SR-36,100.00,S,N,A,-,N,,,,,,,,,,N,3,0,1,1,A,-,08,22107,,N,E,I,A,A,H,-,D,D,0,,,Y,,Y,,C,02,0,1,0,0,0,0,0,0,1,"- ","- ",40.334461212158203,-122.92137908935547,TEHAMA,UNINCORPORATED,-121.92125701904297,40.334548950195312
91559952,2021,2021-09-01,9130,2021-08-26,0805,019742,,4,1,9,5200,0,1,1,,2,051,"I-5 NORTHBOUND","FLORES AVENUE",1995.00,N,N,A,-,Y,,,5,,,,,,N,Y,3,0,3,4,A,-,03,22350,,N,C,C,A,A,H,-,A,D,0,,,,,Y,,A,07,0,1,2,0,0,0,0,0,0,"- ","- ",40.093528747558594,-122.2169189453125,TEHAMA,UNINCORPORATED,-122.2171630859375,40.093517303466797
91562225,2021,2021-09-03,9130,2021-09-02,1900,019110,,4,2,9,5200,0,3,5,,2,020,"RANCHO TEHAMA RD","GALLATIN RD",3000.00,E,N,A,-,N,,,,,,,,,,Y,4,0,1,2,A,-,05,21650,,N,B,C,A,A,H,-,A,D,0,,,,,Y,,A,01,0,0,1,0,0,0,0,0,0,"- ","- ",40.022209167480469,-122.34736633300781,TEHAMA,UNINCORPORATED,-122.34792327880859,40.022125244140625
91567356,2021,2021-09-10,9130,2021-08-30,0629,015824,,1,1,9,5200,0,3,5,,2,010,"RED BANK RD","CAREY RD",130.00,W,N,A,-,N,,,,,,,,,,Y,3,0,1,1,C,-,18,,,N,E,H,A,A,H,-,A,D,0,,,,,Y,,-,"- ",0,1,0,0,0,0,0,0,0,"- ","- ",40.119480133056641,-122.33522033691406,TEHAMA,UNINCORPORATED,-122.34669494628906,40.109897613525391
91567415,2021,2021-09-10,9130,2021-09-04,0620,019218,,6,1,9,5200,0,3,5,,2,030,"JELLYS FERRY RD.","PENNER DR",35.00,W,N,A,-,N,,,,,,,,,,Y,2,0,1,1,A,-,08,22107,,N,E,I,A,A,H,-,B,D,0,,,,,Y,,A,01,1,0,0,0,0,0,0,0,0,"- ","- ",40.253009796142578,-122.24617767333984,TEHAMA,UNINCORPORATED,-122.24633026123047,40.252635955810547
91567449,2021,2021-09-10,9130,2021-09-03,1030,019742,,5,1,9,5200,0,2,4,,2,013,"BOWMAN ROAD","BELVA ROAD",552.00,W,N,A,-,N,,,,,,,,,,Y,4,0,1,1,A,-,01,23152,F,N,E,I,A,A,H,-,A,D,0,,,,,Y,,A,01,0,0,1,0,0,0,0,0,0,"- ","- ",40.360881805419922,-122.30194854736328,TEHAMA,UNINCORPORATED,-122.30221557617188,40.360866546630859
91567688,2021,2021-09-10,9130,2021-09-07,1155,016408,,2,1,9,5200,0,3,5,,2,030,"LAKE CALIFORNIA DR","DEL MAR DR",400.00,E,N,A,-,N,,,,,,,,,,Y,4,0,1,1,A,-,01,23152,F,N,E,H,A,A,H,-,A,D,0,,,,,Y,,A,01,0,0,1,0,0,0,0,0,0,"- ","- ",40.362579345703125,-122.27690124511719,TEHAMA,UNINCORPORATED,-122.27720642089844,40.362491607666016
91570926,2021,2021-09-15,9130,2021-09-04,2200,020580,,6,3,9,5200,0,2,4,,2,043,"ROAD 99W","NEWTON RD.",0.00,,Y,A,-,N,,,,,,,,,,Y,4,0,1,2,A,-,09,21804,B,N,D,C,A,A,H,-,D,D,0,,,,,Y,,A,01,0,0,1,0,0,0,0,0,0,"- ","- ",39.837699890136719,-122.19730377197266,TEHAMA,UNINCORPORATED,-122.19730377197266,39.837501525878906
91573817,2021,2021-09-20,9130,2021-09-12,0310,020158,,7,3,9,5200,0,1,3,,1,041,"STATE HIGHWAY 99E","TEHAMA AND VINA RD",400.00,N,N,A,-,Y,,,99,,,,,,,Y,2,0,1,1,A,-,01,23152,A,N,E,I,A,A,H,-,D,D,0,,,,,Y,Y,A,07,1,0,0,0,0,0,0,0,0,"- ","- ",39.959709167480469,-122.06253051757812,TEHAMA,UNINCORPORATED,-122.06256103515625,39.959560394287109
91576114,2021,2021-09-22,9130,2021-09-17,2108,019110,,5,2,9,5200,0,3,5,,2,020,"CORNING RD","BLACK BUTTE RD",75.00,E,N,A,-,N,,,,,,,,,,Y,4,0,2,2,A,-,05,21460,A,M,A,C,A,A,H,-,D,D,0,,,,,Y,,A,01,0,0,2,0,0,0,0,0,0,"- ","- ",39.929008483886719,-122.27816772460938,TEHAMA,UNINCORPORATED,-122.27815246582031,39.928997039794922
91589838,2021,2021-10-06,9130,2021-09-09,0019,020579,,4,3,9,5200,0,1,3,,1,041,SR-99E,"SOUTH AVE",6336.00,S,N,A,-,Y,,,99,,,,,,,Y,1,1,1,2,A,-,05,21460,A,N,A,C,A,A,H,-,D,D,0,,,,Y,Y,,A,07,0,1,0,0,0,0,0,0,0,"- ","- ",39.919281005859375,-122.01872253417969,TEHAMA,UNINCORPORATED,-122.0186767578125,39.919326782226562
91591713,2021,2021-10-08,9130,2021-09-28,0751,018083,,2,1,9,5200,0,1,3,,1,041,SR-99,"ARAMAYO WAY",0.00,,Y,A,-,Y,,,,,,,,,,N,2,0,1,2,A,-,03,22350,,N,D,G,A,A,H,-,A,A,0,,Y,,,Y,,-,"- ",1,0,0,0,0,0,1,0,0,"- ","- ",40.827808380126953,-122.09992980957031,TEHAMA,UNINCORPORATED,-122.09989929199219,40.027957916259766
91593370,2021,2021-10-11,9130,2021-10-02,1410,020158,,6,2,9,5200,0,2,4,,2,035,"RAWSON ROAD","CARONA AVE.",30.00,S,N,A,-,N,,,,,,,,,,Y,3,0,2,1,A,-,01,23152,F,N,E,I,A,A,H,-,A,D,0,,,,,Y,,A,01,0,2,0,0,0,0,0,0,0,"- ","- ",39.924831390380859,-122.21617126464844,TEHAMA,UNINCORPORATED,-122.21614074707031,39.924739837646484
91593506,2021,2021-10-11,9130,2021-10-04,0430,020580,,1,3,9,5200,0,1,1,,2,052,"I5 N/B","CORNING RD.",500.00,N,N,A,-,Y,,,,,,,,,,Y,4,0,1,1,A,-,08,22107,,N,F,A,A,A,H,-,C,D,0,,,,,Y,,D,22,0,0,1,0,0,0,0,0,0,"- ","- ",39.932041168212891,-122.20033264160156,TEHAMA,UNINCORPORATED,-122.20010375976562,39.929492950439453
91596637,2021,2021-10-14,9130,2021-10-05,1510,019714,,2,2,9,5200,0,3,5,,2,040,"LOLETA AVE","HOUGHTON AVE",0.00,,Y,A,-,N,,,,,,,,,,Y,3,0,2,2,A,-,09,21804,A,N,D,C,A,A,H,-,A,A,0,,,,,Y,,A,01,0,1,1,0,0,0,0,0,0,"- ","- ",38.913581848144531,-122.18814849853516,TEHAMA,UNINCORPORATED,-122.18818664550781,39.913570404052734
91608844,2021,2021-10-28,9130,2021-10-18,1956,015824,,1,2,9,5200,0,3,5,,2,010,"OHM RD","RAWSON RD",0.00,,Y,A,-,N,,,,,,,,,,Y,4,0,1,1,A,-,01,23152,A,N,E,I,A,A,H,-,D,A,0,,,,,Y,Y,D,22,0,0,1,0,0,0,0,0,0,"- ","- ",40.113639831542969,-122.23219299316406,TEHAMA,UNINCORPORATED,-122.23227691650391,40.113548278808594
91616276,2021,2021-11-04,9130,2021-10-29,0001,018083,,5,3,9,5200,0,3,5,,2,040,"HALL ROAD","WELLS FARGO WAY",1056.00,N,N,A,-,N,,,,,,,,,,Y,2,0,1,1,A,-,08,22107,,N,E,I,A,A,H,-,D,D,0,,,,,Y,,A,07,1,0,0,0,0,0,0,0,0,"- ","- ",40.002578735351562,-122.12947082519531,TEHAMA,UNINCORPORATED,-122.12947082519531,40.002490997314453
91619095,2021,2021-11-08,9130,2021-11-01,1305,020158,,1,1,9,5200,0,2,4,,2,013,"BOWMAN ROAD.","FLOYD LN.",35.00,E,N,B,C,N,,,,,,,,,,N,4,0,1,2,A,-,03,22350,,N,C,C,A,B,H,-,A,D,0,,,,,Y,,A,07,0,0,1,0,0,0,0,0,0,"- ","- ",40.367519378662109,-122.28700256347656,TEHAMA,UNINCORPORATED,-122.28680419921875,40.367542266845703
91619390,2021,2021-11-09,9130,2021-11-07,0720,019742,,7,1,9,5200,0,3,5,,2,040,"TEHAMA VINA ROAD","MAREK ROAD",357.00,W,N,B,-,N,,,,,,,,,,Y,4,0,1,1,A,-,08,22107,,N,E,I,A,A,B,-,B,D,0,,,,,Y,Y,A,01,0,0,1,0,0,0,0,0,0,"- ","- ",40.032508850097656,-122.10753631591797,TEHAMA,UNINCORPORATED,-122.10773468017578,40.032501220703125
91626197,2021,2021-11-16,9130,2021-11-10,1758,018710,,3,2,9,5200,0,2,4,,2,013,"BOWMAN ROAD","ADAMS ROAD",251.00,E,N,A,-,N,,,,,,,,,,N,3,0,2,2,A,-,09,21801,A,N,D,C,A,A,H,-,A,D,0,,,,,Y,,A,07,0,2,0,0,0,0,0,0,0,"- ","- ",40.36553955078125,-122.29691314697266,TEHAMA,UNINCORPORATED,-122.29762268066406,40.364830017089844
91638633,2021,2021-11-30,9140,2021-11-28,0955,015598,,7,1,9,5200,0,1,3,,2,063,"STATE ROUTE 36","DIAMOND RD.",6178.00,W,N,A,-,Y,,,36,,,,,,,Y,3,0,1,1,A,-,08,22107,,N,E,I,A,A,H,-,A,D,0,,,,,Y,,A,01,0,1,0,0,0,0,0,0,0,"- ","- ",40.346309661865234,-121.68460083007812,TEHAMA,UNINCORPORATED,-121.68458557128906,40.346336364746094
91638798,2021,2021-12-02,9130,2021-11-18,1521,018710,,4,2,9,5200,0,3,5,,2,040,"ORANGEWOOD ROAD","OLIVE ROAD",0.00,,Y,B,-,N,,,,,,,,,,Y,2,0,2,2,A,-,09,21802,A,N,D,C,A,B,H,-,A,A,0,,,,,Y,,D,22,1,1,0,0,0,0,0,0,0,"- ","- ",39.960838317871094,-122.16481018066406,TEHAMA,UNINCORPORATED,-122.16477966308594,39.960811614990234
91643201,2021,2021-12-06,9130,2021-10-16,1925,019110,,6,2,9,5200,0,1,1,,2,051,"INTERSTATE 5 S/B","HOOKER CREEK RD",16368.00,S,N,A,-,Y,,,5,,,,,,S,Y,1,1,3,1,A,-,01,23152,A,N,E,I,A,A,H,-,D,D,0,,,,,Y,Y,A,01,2,1,0,0,0,0,0,0,0,"- ","- ",40.250370025634766,-122.26141357421875,TEHAMA,UNINCORPORATED,-122.26145935058594,40.250350952148438
91645623,2021,2021-12-07,9130,2021-11-29,0640,019792,,1,1,9,5200,0,3,5,,2,010,SR-36,"MANTON RD",3696.00,W,N,A,-,Y,,,36,,,,,,,Y,3,0,2,3,A,-,08,22107,,N,A,C,A,A,H,-,B,D,0,,,,Y,Y,,F,26,0,2,0,0,0,0,0,0,0,"- ","- ",40.307651519775391,-122.08036041259766,TEHAMA,UNINCORPORATED,-122.08036804199219,40.307674407958984
91646209,2021,2021-12-08,9130,2021-12-02,1208,019792,,4,1,9,5200,0,1,1,,2,051,"I-5 NORTHBOUND","SUNSET HILLS DR.",255.00,S,N,A,-,Y,,,5,,,,,,N,Y,2,0,2,1,A,-,08,22107,,N,F,A,A,A,H,-,A,D,0,,,,,Y,,A,01,1,1,0,0,0,0,0,0,0,"- ","- ",40.326248168945312,-122.28106689453125,TEHAMA,UNINCORPORATED,-122.28095245361328,40.326259613037109
91646368,2021,2021-12-08,9130,2021-12-02,1235,019218,,4,1,9,5200,0,1,1,,2,051,"I-5 N/B","BOWMAN RD.",4805.00,S,N,A,-,Y,,,5,,,,,,N,Y,3,0,2,3,A,-,03,22350,,N,C,C,A,A,H,-,A,D,0,,,,,Y,,D,22,0,2,0,0,0,0,0,0,0,"- ","- ",40.354450225830078,-122.28266143798828,TEHAMA,UNINCORPORATED,-122.28264617919922,40.354450225830078
91660688,2021,2021-12-23,9130,2021-12-09,2055,019041,,4,2,9,5200,0,2,4,,2,042,"SOUTH AVENUE","ILLINOIS AVENUE",90.00,E,N,A,-,N,,,,,,,,,,Y,3,0,1,1,A,-,01,23152,A,N,E,J,A,A,H,-,D,D,0,,,,,Y,Y,A,01,0,1,0,0,0,0,0,0,0,"- ","- ",39.908058166503906,-122.09372711181641,TEHAMA,UNINCORPORATED,-122.09362030029297,39.907962799072266
91660696,2021,2021-12-23,9130,2021-12-14,1405,018710,,2,2,9,5200,0,1,3,,1,031,"STATE ROUTE 99 EAST","TAFT STREET",0.00,,Y,A,-,Y,,,99,,,,,,,Y,3,0,4,3,A,-,03,22350,,N,C,C,A,A,H,-,A,D,0,,,,,Y,,A,07,0,4,0,0,0,0,0,0,0,"- ","- ",40.047340393066406,-122.10064697265625,TEHAMA,UNINCORPORATED,-122.10054016113281,40.047348022460938
91661843,2021,2021-12-27,9130,2021-12-17,1735,019110,,5,2,9,5200,0,2,4,,2,043,"ROAD 99W","HAWLEY RD",175.00,N,N,A,-,N,,,,,,,,,,Y,4,0,2,2,A,-,05,21650,,N,A,C,A,A,H,-,D,D,0,,,,,Y,,A,01,0,0,2,0,0,0,0,0,0,"- ","- ",39.833000183105469,-122.19734954833984,TEHAMA,UNINCORPORATED,-122.197265625,39.832962036132812
91661848,2021,2021-12-27,9130,2021-12-17,1910,019110,,5,2,9,5200,0,1,1,,2,051,"INTERSTATE 5","SUNSET HILLS DR",2500.00,N,N,A,-,Y,,,5,,,,,,,N,4,0,1,2,A,-,01,23152,A,N,C,C,A,A,H,-,C,D,0,,,,,Y,Y,D,22,0,0,1,0,0,0,0,0,0,"- ","- ",40.334480285644531,-122.28188323974609,TEHAMA,UNINCORPORATED,-122.28184509277344,40.334484100341797
91661872,2021,2021-12-27,9130,2021-12-18,1301,018083,,6,1,9,5200,0,1,1,,2,052,"I-5 S/B","TEHAMA AVENUE",728.00,S,N,A,-,Y,,,5,,,,,,S,Y,3,0,1,2,A,-,03,22350,,N,C,C,A,A,H,-,A,D,0,,,,,Y,,A,01,0,1,0,0,0,0,0,0,0,"- ","- ",40.026969909667969,-122.21035766601562,TEHAMA,UNINCORPORATED,-122.21038818359375,40.026966094970703
91665938,2021,2021-12-30,9130,2021-12-19,1508,019714,,7,2,9,5200,0,1,1,,2,052,"INTERSTATE 5","LIBERAL AVE",275.00,S,N,B,C,Y,,,5,,,,,,,N,2,0,1,1,A,-,01,23152,A,N,E,I,A,B,H,-,A,D,0,,,Y,,Y,Y,C,02,1,0,0,0,0,0,0,0,1,"- ","- ",39.880619049072266,-122.19947052001953,TEHAMA,UNINCORPORATED,-122.19997406005859,39.880619049072266