CASE_ID,ACCIDENT_YEAR,PROC_DATE,JURIS,COLLISION_DATE,COLLISION_TIME,OFFICER_ID,REPORTING_DISTRICT,DAY_OF_WEEK,CHP_SHIFT,POPULATION,CNTY_CITY_LOC,SPECIAL_COND,BEAT_TYPE,CHP_BEAT_TYPE,CITY_DIVISION_LAPD,CHP_BEAT_CLASS,BEAT_NUMBER,PRIMARY_RD,SECONDARY_RD,DISTANCE,DIRECTION,INTERSECTION,WEATHER_1,WEATHER_2,STATE_HWY_IND,CALTRANS_COUNTY,CALTRANS_DISTRICT,STATE_ROUTE,ROUTE_SUFFIX,POSTMILE_PREFIX,POSTMILE,LOCATION_TYPE,RAMP_INTERSECTION,SIDE_OF_HWY,TOW_AWAY,COLLISION_SEVERITY,NUMBER_KILLED,NUMBER_INJURED,PARTY_COUNT,PRIMARY_COLL_FACTOR,PCF_CODE_OF_VIOL,PCF_VIOL_CATEGORY,PCF_VIOLATION,PCF_VIOL_SUBSECTION,HIT_AND_RUN,TYPE_OF_COLLISION,MVIW,PED_ACTION,ROAD_SURFACE,ROAD_COND_1,ROAD_COND_2,LIGHTING,CONTROL_DEVICE,CHP_ROAD_TYPE,PEDESTRIAN_ACCIDENT,BICYCLE_ACCIDENT,MOTORCYCLE_ACCIDENT,TRUCK_ACCIDENT,NOT_PRIVATE_PROPERTY,ALCOHOL_INVOLVED,STWD_VEHTYPE_AT_FAULT,CHP_VEHTYPE_AT_FAULT,COUNT_SEVERE_INJ,COUNT_VISIBLE_INJ,COUNT_COMPLAINT_PAIN,COUNT_PED_KILLED,COUNT_PED_INJURED,COUNT_BICYCLIST_KILLED,COUNT_BICYCLIST_INJURED,COUNT_MC_KILLED,COUNT_MC_INJURED,PRIMARY_RAMP,SECONDARY_RAMP,LATITUDE,LONGITUDE,COUNTY,CITY,POINT_X,POINT_Y
6669889,2014,2014-12-19,5202,2014-10-18,1055,1166,RBPD,6,5,3,5202,0,0,0,,0,004,"MONTGOMERY RD","HINKLE ST",97.00,S,N,A,-,N,,,,,,,,,,N,4,0,1,1,A,-,03,22350,,N,A,I,A,A,H,-,A,D,0,,,,,Y,,A,01,0,0,1,0,0,0,0,0,0,"- ","- ",,,TEHAMA,"RED BLUFF",-122.22504279,40.158019520000003
6671742,2014,2014-12-30,9130,2014-10-12,1145,013996,,7,1,9,5200,0,2,4,,2,034,"ROAD 99 WEST","SMITH AV",0.00,,Y,A,-,N,,,,,,,,,,Y,4,0,2,3,A,-,03,22350,,N,C,C,A,A,H,-,A,D,0,,,,,Y,,D,22,0,0,2,0,0,0,0,0,0,"- ","- ",40.111400000000003,-122.17186,TEHAMA,UNINCORPORATED,-122.1718185,40.010859000000004
6672283,2014,2016-04-27,5202,2014-09-12,0948,1668,RBPD,5,5,3,5202,0,0,0,,0,002,"RT 36","MONROE ST",0.00,W,N,A,-,Y,TEH,2,36,-,-,40.500,H,-,E,Y,4,0,1,1,A,-,08,22107,,N,A,I,A,A,H,-,A,D,0,,,Y,,Y,,C,02,0,0,1,0,0,0,0,0,1,"- ","- ",,,TEHAMA,"RED BLUFF",-122.25280477,40.205175140000001
6672285,2014,2014-10-28,5202,2014-09-24,0838,1669,RBPD,3,5,3,5202,0,0,0,,0,003,"OAK ST","JACKSON ST",0.00,,Y,B,-,N,,,,,,,,,,N,3,0,1,2,A,-,10,21950,A,N,G,B,D,A,H,-,A,A,0,Y,,,,Y,,A,07,0,1,0,0,1,0,0,0,0,"- ","- ",,,TEHAMA,"RED BLUFF",-122.23941986,40.1739599
6679944,2014,2014-12-22,9130,2014-10-19,0053,16790,,7,3,9,5200,0,3,5,,2,030,"PAYNES CREEK RD","TRINITY AV",102.00,W,N,A,-,N,,,,,,,,,,Y,3,0,1,1,A,-,08,22107,,N,E,I,A,A,H,-,D,D,0,,,,,Y,,A,01,0,1,0,0,0,0,0,0,0,"- ","- ",40.2072,-122.1982,TEHAMA,UNINCORPORATED,-122.19715811,40.20851133
6680062,2014,2014-12-23,5202,2014-10-16,1141,1650,RBPD,4,5,3,5202,0,0,0,,0,004,"SOUTH MAIN ST","FISH ST",90.00,S,N,A,-,N,,,,,,,,,,N,2,0,1,2,A,-,05,21650,1,N,D,G,A,A,H,-,A,D,0,,Y,,,Y,,L,04,1,0,0,0,0,0,1,0,0,"- ","- ",,,TEHAMA,"RED BLUFF",,
6686545,2014,2014-11-18,9130,2014-10-23,2030,016790,,4,2,9,5200,0,3,5,,2,040,"PONDEROSA WY","PLUM CREEK RD",44352.00,S,N,B,-,N,,,,,,,,,,N,4,0,1,1,A,-,08,22107,,N,F,A,A,D,G,-,D,D,0,,,,,Y,,D,22,0,0,1,0,0,0,0,0,0,"- ","- ",40.289299999999997,-122.8031,TEHAMA,UNINCORPORATED,-121.80159999999999,40.29766
6690701,2014,2014-12-29,9130,2014-10-20,1720,015400,,1,2,9,5200,0,3,5,,2,030,"TEHAMA AV","WOODLAND AV",1584.00,E,N,B,-,N,,,,,,,,,,Y,4,0,1,1,A,-,08,22107,,N,E,I,A,A,H,-,A,D,0,,,,,Y,,A,01,0,0,1,0,0,0,0,0,0,"- ","- ",40.026000000000003,-122.1421,TEHAMA,UNINCORPORATED,-122.13972851,40.025961250000002
6694229,2014,2016-06-14,9130,2014-10-23,1320,015829,,4,1,9,5200,0,2,4,,2,013,"BOWMAN RD","FLOYD LN",294.00,E,N,B,C,Y,TEH,2,5,-,-,41.686,R,4,S,Y,4,0,1,2,A,-,09,21802,A,N,D,C,A,B,H,-,A,A,1,,,,,Y,,A,01,0,0,1,0,0,0,0,0,0,"- ","- ",40.3675,-122.28628999999999,TEHAMA,UNINCORPORATED,-122.28449152,40.36993279
6696547,2014,2014-12-30,5202,2014-10-30,0329,2290,5202,4,5,3,5202,0,0,0,,0,,"WALNUT ST","BAKER RD",0.00,,Y,B,-,N,,,,,,,,,,N,4,0,1,1,A,-,03,22350,,M,E,I,A,A,H,-,C,A,0,,,,,Y,,A,01,0,0,1,0,0,0,0,0,0,"- ","- ",,,TEHAMA,"RED BLUFF",-122.26107992,40.16840998
6710579,2014,2016-06-14,9140,2014-10-01,1700,016169,,3,2,9,5200,0,1,3,,2,062,"RT 32","SLATE CREEK BR",1056.00,W,N,A,-,Y,TEH,2,32,-,-,20.280,H,-,E,Y,4,0,1,1,A,-,08,22107,,N,E,I,A,A,H,-,A,D,0,,,,,Y,,D,22,0,0,1,0,0,0,0,0,0,"- ","- ",,,TEHAMA,UNINCORPORATED,-121.46324547,40.233999859999997
6712483,2014,2016-06-14,9140,2014-11-08,1215,013241,,6,1,9,5200,0,1,3,,2,063,"RT 36","BATTLE CREEK",13200.00,W,N,A,-,Y,TEH,2,36,-,-,78.000,H,-,E,N,3,0,1,1,A,-,08,22107,,N,F,A,A,B,H,-,A,D,0,,,Y,,Y,,C,02,0,1,0,0,0,0,0,0,1,"- ","- ",,,TEHAMA,UNINCORPORATED,-121.68841709,40.3464241
6718395,2015,2017-04-20,9130,2015-01-28,1930,16355,,3,2,9,5200,0,3,5,,2,010,"PLYMIRE RD","MENDENHALL RD",965.00,E,N,A,-,N,,,,,,,,,,Y,1,1,2,2,-,-,"- ",,,N,D,C,A,A,H,-,D,D,0,,,,,Y,Y,-,"- ",1,1,0,0,0,0,0,0,0,"- ","- ",40.201099999999997,-122.2811,TEHAMA,UNINCORPORATED,-122.28084429,40.201149090000001
6718482,2014,2015-12-28,9130,2014-11-03,1925,15400,,1,2,9,5200,0,1,1,,2,052,"RT 5","SOUR GRASS CRK",3168.00,S,N,A,-,Y,TEH,2,5,-,R,1.670,H,-,N,Y,1,1,0,3,A,-,03,22350,,N,C,C,A,A,H,-,D,D,1,,,,Y,Y,,A,01,0,0,0,0,0,0,0,0,0,"- ","- ",39.824399999999997,-122.2,TEHAMA,UNINCORPORATED,-122.19979475,39.822193949999999
6724496,2014,2015-01-16,5202,2014-11-14,0643,1650,RBPD,5,5,3,5202,0,0,0,,0,0643,"MONTGOMERY RD","HINKLE ST",593.00,N,N,B,-,N,,,,,,,,,,Y,2,0,1,1,A,-,05,21650,,F,E,I,A,A,H,-,A,D,0,,,,,Y,,A,01,1,0,0,0,0,0,0,0,0,"- ","- ",,,TEHAMA,"RED BLUFF",-122.22627934,40.159637689999997
6726511,2014,2015-01-16,5201,2014-11-22,1800,4546,3,6,5,2,5201,0,0,0,,0,,"FIG LN","TOOMES AV",584.00,W,N,A,-,N,,,,,,,,,,N,4,0,1,2,A,-,03,22350,,N,G,B,E,A,H,-,D,D,0,Y,,,,Y,,A,01,0,0,1,0,1,0,0,0,0,"- ","- ",,,TEHAMA,CORNING,-122.19445279999999,39.920814059999998
6726908,2014,2015-01-20,5202,2014-11-13,1201,1165,RBPD,4,5,3,5202,0,0,0,,0,003,"WALNUT ST","JOHNSON ST",0.00,,Y,B,-,N,,,,,,,,,,N,4,0,1,2,A,-,12,22450,A,M,D,C,A,B,H,-,A,A,0,,,,,Y,,D,22,0,0,1,0,0,0,0,0,0,"- ","- ",,,TEHAMA,"RED BLUFF",-122.24330986,40.174579970000003
6726940,2014,2016-06-16,9130,2014-11-30,1845,15681,,7,2,9,5200,0,1,1,,2,052,"RT 5","LIBERAL AV",2640.00,N,N,B,C,Y,TEH,2,5,-,R,6.320,H,-,N,Y,4,0,1,1,A,-,01,23152,A,N,E,I,A,B,H,-,D,D,1,,,,,Y,Y,D,22,0,0,1,0,0,0,0,0,0,"- ","- ",39.889710000000001,-122.19996,TEHAMA,UNINCORPORATED,-122.20000964,39.889742169999998
6735966,2014,2015-02-02,5202,2014-12-03,2043,1115,RBPD,3,5,3,5202,0,0,0,,0,,"S MAIN ST","WILLOW ST",0.00,,Y,C,-,N,,,,,,,,,,Y,3,0,2,2,A,-,12,21453,A,N,A,C,A,B,-,-,C,-,0,,,,,Y,,A,08,0,1,1,0,0,0,0,0,0,"- ","- ",,,TEHAMA,"RED BLUFF",-122.23118991,40.17315997
6748344,2014,2015-01-30,9130,2014-12-05,2235,17250,,5,3,9,5200,0,3,5,,2,040,"MOON RD","MARGUERITE AV",196.00,E,N,B,-,N,,,,,,,,,,Y,3,0,1,1,A,-,01,23152,A,N,E,I,A,B,H,-,D,D,0,,,,,Y,Y,A,07,0,1,0,0,0,0,0,0,0,"- ","- ",39.916989999999998,-122.16901,TEHAMA,UNINCORPORATED,-122.16869117,39.91698864
6749587,2014,2015-02-04,5202,2014-12-10,1518,1668,RBPD,3,5,3,5202,0,0,0,,0,003,"WALNUT ST","DAVID AV",28.00,E,N,C,-,N,,,,,,,,,,N,4,0,1,2,A,-,03,22350,,N,C,C,A,B,H,-,A,D,0,,,,,Y,,D,22,0,0,1,0,0,0,0,0,0,"- ","- ",,,TEHAMA,"RED BLUFF",-122.25188636,40.170192360000001
6751740,2014,2015-02-04,5201,2014-12-18,1741,0944,2,4,5,2,5201,0,0,0,,0,,"SOLANO ST","PEACH ST",39.00,W,N,C,-,N,,,,,,,,,,N,3,0,1,2,A,-,03,22350,,N,C,C,A,B,H,-,C,D,0,,,,,Y,,A,01,0,1,0,0,0,0,0,0,0,"- ","- ",,,TEHAMA,CORNING,-122.17450909999999,39.927891000000002
6756725,2014,2016-06-14,9130,2014-12-25,0745,16932,,4,1,9,5200,0,3,5,,2,060,"RT 32","HUMBOLDT RD",10560.00,E,N,A,-,Y,TEH,2,32,-,-,1.370,H,-,E,Y,4,0,1,1,A,-,08,22107,,N,E,I,A,A,H,-,A,D,0,,,,,Y,,A,01,0,0,1,0,0,0,0,0,0,"- ","- ",40.060020000000002,-121.60793,TEHAMA,UNINCORPORATED,-121.60778637999999,40.06017319
6761134,2014,2016-04-27,9140,2014-09-14,1251,15565,,7,1,9,5200,0,1,3,,2,063,"RT 36","TRAMWAY RD",2640.00,E,N,A,-,Y,TEH,2,36,-,-,77.370,H,-,W,Y,4,0,1,1,A,-,08,22107,,N,E,I,A,A,H,-,A,D,0,,,,,Y,,A,01,0,0,1,0,0,0,0,0,0,"- ","- ",40.34713,-121.69828,TEHAMA,UNINCORPORATED,-121.6984789,40.347071309999997
6774753,2014,2015-02-11,9130,2014-12-29,1612,015681,,1,2,9,5200,0,3,5,,2,040,"HALL RD","SOUTH AV",0.00,,Y,A,-,N,,,,,,,,,,Y,4,0,1,2,A,-,09,21802,A,N,B,C,A,A,H,-,A,A,0,,,,,Y,,A,01,0,0,1,0,0,0,0,0,0,"- ","- ",39.906930000000003,-122.12318,TEHAMA,UNINCORPORATED,-122.12325986,39.909399909999998
6775679,2014,2016-06-14,9140,2014-12-25,1216,019931,,4,1,9,5200,0,1,3,,2,063,"RT 36","DIAMOND RD",4752.00,E,N,A,-,Y,TEH,2,36,-,-,80.398,H,-,E,Y,3,0,4,1,A,-,03,22350,,N,E,I,A,C,H,-,A,D,0,,,,,Y,,A,07,0,1,3,0,0,0,0,0,0,"- ","- ",40.340069999999997,-121.64606999999999,TEHAMA,UNINCORPORATED,-121.64493689,40.344307350000001
6779125,2014,2015-02-13,5202,2014-12-16,1208,2290,RBPD,2,5,3,5202,0,0,0,,0,,"MAIN ST","CEDAR ST",0.00,,Y,B,C,N,,,,,,,,,,N,4,0,2,2,A,-,12,21453,A,N,D,C,A,B,H,-,A,A,0,,,,,Y,,A,08,0,0,2,0,0,0,0,0,0,"- ","- ",,,TEHAMA,"RED BLUFF",-122.23719989,40.180139879999999
6783555,2015,2016-09-02,9130,2015-02-21,1555,016408,,6,2,9,5200,0,1,1,,2,051,"RT 5","BOWMAN RD",5280.00,S,N,A,-,Y,TEH,2,5,-,-,40.530,H,-,N,Y,3,0,6,3,A,-,03,22350,,N,C,C,A,A,H,-,A,D,1,,,,,Y,,D,22,0,2,4,0,0,0,0,0,0,"- ","- ",40.340719999999997,-122.28166,TEHAMA,UNINCORPORATED,-122.28251281999999,40.353271470000003
6784025,2015,2016-09-07,5202,2015-01-02,1027,1735,5202,5,5,3,5202,0,0,0,,0,003,"MAIN ST","OAK ST",0.00,,Y,A,-,Y,TEH,2,36,-,-,41.291,I,5,E,Y,4,0,2,2,A,-,09,21453,B,N,D,C,A,A,H,-,A,A,0,,,,,Y,,A,01,0,0,2,0,0,0,0,0,0,"- ","- ",,,TEHAMA,"RED BLUFF",-122.23346936999999,40.176929819999998
6784029,2014,2016-06-14,5202,2014-12-28,1941,1668,RBPD,7,5,3,5202,0,0,0,,0,001,"MAIN ST","HICKORY ST",148.00,S,N,A,-,Y,TEH,2,36,-,L,41.110,H,-,W,N,3,0,1,2,A,-,11,21950,B,N,G,B,E,A,H,-,C,D,0,Y,,,,Y,,N,60,0,1,0,0,1,0,0,0,0,"- ","- ",,,TEHAMA,"RED BLUFF",-122.23559197,40.178268799999998
6787729,2015,2015-08-03,9130,2015-01-11,1750,14975,,7,2,9,5200,0,2,4,,2,013,"BENSON RD","BOWMAN RD",0.00,,Y,B,-,N,,,,,,,,,,Y,4,0,1,1,A,-,01,23152,A,N,E,J,A,A,H,-,D,A,0,,,,,Y,Y,A,01,0,0,1,0,0,0,0,0,0,"- ","- ",40.338500000000003,-122.37173,TEHAMA,UNINCORPORATED,-122.37171997999999,40.338609980000001
6789428,2015,2015-02-19,5201,2015-01-10,1153,4397,1,6,5,2,5201,0,0,0,,0,,"SOLANO ST","WEST ST",201.00,E,N,A,-,N,,,,,,,,,,Y,4,0,3,3,A,-,08,22107,,N,B,C,A,A,H,-,A,D,0,,,,,Y,Y,A,01,0,0,3,0,0,0,0,0,0,"- ","- ",,,TEHAMA,CORNING,-122.18483309,39.927893539999999
6789872,2014,2015-02-23,5202,2014-12-23,1854,1650,RBPD,2,5,3,5202,0,0,0,,0,004,"S MAIN ST","DIAMOND AV",296.00,S,N,A,-,N,,,,,,,,,,N,2,0,1,2,A,-,11,21955,,N,G,B,D,A,H,-,D,D,0,Y,,,,Y,Y,N,60,1,0,0,0,1,0,0,0,0,"- ","- ",,,TEHAMA,"RED BLUFF",-122.22808405000001,40.164958769999998
6792560,2015,2015-02-25,5202,2015-01-06,1311,2290,RBPD,2,5,3,5202,0,0,0,,0,003,"WALNUT ST","MADISON ST",0.00,,Y,A,-,N,,,,,,,,,,Y,3,0,1,2,A,-,09,21802,A,N,D,C,A,A,H,-,A,A,0,,,,,Y,,D,22,0,1,0,0,0,0,0,0,0,"- ","- ",,,TEHAMA,"RED BLUFF",-122.23871994,40.176889969999998
6793593,2015,2015-04-09,5202,2015-01-08,1231,1668,RBPD,4,5,3,5202,0,0,0,,0,004,"S MAIN ST","SISTER MARY COLUMBA DR",142.00,N,N,B,-,N,,,,,,,,,,N,4,0,1,2,A,-,04,21703,,N,C,C,A,A,H,-,A,A,0,,,,,Y,,A,01,0,0,1,0,0,0,0,0,0,"- ","- ",,,TEHAMA,"RED BLUFF",-122.21763672,40.149447029999997
6794386,2015,2015-02-19,5202,2015-01-01,1459,2010,,4,5,3,5202,0,0,0,,0,004,"S MAIN ST","DIAMOND AV",0.00,,Y,A,-,N,,,,,,,,,,Y,4,0,1,2,D,-,00,,,N,C,C,A,A,H,-,A,A,0,,,,,Y,,-,"- ",0,0,1,0,0,0,0,0,0,"- ","- ",,,TEHAMA,"RED BLUFF",-122.22814990000001,40.165769900000001
6795627,2015,2016-09-02,9130,2015-01-14,1320,15829,,3,1,9,5200,0,1,1,,2,051,"RT 5","JELLYS FERRY RD",2.00,N,N,A,-,Y,TEH,2,5,-,-,34.590,H,-,N,Y,3,0,1,1,A,-,08,22107,,N,F,A,A,A,H,-,A,D,1,,,,,Y,,A,01,0,1,0,0,0,0,0,0,0,"- ","- ",40.247199999999999,-122.2598,TEHAMA,UNINCORPORATED,-122.26814035,40.269130629999999
6795823,2015,2015-02-23,5202,2015-01-08,0943,1668,RBPD,4,5,3,5202,0,0,0,,0,005,"S JACKSON ST","OLIVE ST",45.00,S,N,B,-,N,,,,,,,,,,N,3,0,1,1,A,-,03,22350,,N,F,G,A,A,B,-,A,D,0,,Y,,,Y,,L,04,0,1,0,0,0,0,1,0,0,"- ","- ",,,TEHAMA,"RED BLUFF",-122.23788,40.165986429999997
6811890,2015,2016-04-13,9130,2015-01-21,1345,15829,,3,1,9,5200,0,2,4,,2,043,"RT 99","RENO AV",24.00,S,N,A,-,N,,,,,,,,,,Y,3,0,4,2,A,-,03,22350,,N,C,C,A,A,H,-,A,D,0,,,,,Y,,A,01,0,1,3,0,0,0,0,0,0,"- ","- ",40.054079999999999,-122.17005,TEHAMA,UNINCORPORATED,-122.17015028,40.054063030000002
6816317,2015,2016-09-02,9130,2015-02-01,0540,015565,,7,3,9,5200,0,1,3,,1,031,"RT 99","7TH AV",84.00,S,N,A,-,Y,TEH,2,99,-,-,15.760,H,-,S,Y,4,0,1,1,A,-,08,22107,,N,E,I,A,A,H,-,D,D,0,,,,,Y,,A,01,0,0,1,0,0,0,0,0,0,"- ","- ",40.077440000000003,-122.10063,TEHAMA,UNINCORPORATED,-122.10065554000001,40.077747760000001
6816434,2015,2016-09-02,9130,2015-02-02,0746,017250,,1,1,3,5202,0,1,1,,2,051,"RT 5","ADOBE RD",1900.00,S,N,B,C,Y,TEH,2,5,-,R,27.110,H,-,N,Y,4,0,2,2,A,-,03,22350,,N,C,C,A,B,H,-,A,A,1,,,,,Y,,A,01,0,0,2,0,0,0,0,0,0,"- ","- ",40.188139999999997,-122.23159,TEHAMA,"RED BLUFF",-122.23098585,40.187835489999998
6826081,2015,2015-03-13,9130,2015-02-06,0605,017227,,5,1,9,5200,0,3,5,,2,040,"HOAG RD","ALFARETA LN",185.00,W,N,B,-,N,,,,,,,,,,Y,3,0,2,1,C,-,18,,,N,H,H,A,A,H,-,D,D,0,,,,,Y,,-,"- ",0,1,1,0,0,0,0,0,0,"- ","- ",39.927819999999997,-122.14663,TEHAMA,UNINCORPORATED,-122.14661984999999,39.927790000000002
6826085,2015,2016-09-02,9130,2015-02-06,1624,016408,,5,2,9,5200,0,1,1,,2,051,"RT 5","HOOKER CREEK RD",2640.00,N,N,C,-,Y,TEH,2,5,-,-,36.870,H,-,N,Y,4,0,1,1,A,-,03,22350,,N,E,I,A,B,H,-,B,D,1,,,,,Y,,A,01,0,0,1,0,0,0,0,0,0,"- ","- ",40.299340000000001,-122.27929,TEHAMA,UNINCORPORATED,-122.27930677000001,40.300268350000003
6826133,2015,2016-09-02,9130,2015-02-11,1630,012537,,3,2,9,5200,0,1,3,,1,041,"RT 99","ARAMAYO WY",528.00,N,N,B,-,Y,TEH,2,99,-,-,12.400,H,-,S,N,4,0,1,1,A,-,08,22107,,N,E,I,A,A,H,-,A,D,0,,,,,Y,,A,01,0,0,1,0,0,0,0,0,0,"- ","- ",40.029400000000003,-122.09963,TEHAMA,UNINCORPORATED,-122.09991509,40.029241589999998
6826629,2015,2016-09-07,5202,2015-02-12,1404,1668,RBPD,4,5,3,5202,0,0,0,,0,001,"RT 36","TRINITY AV",6.00,E,N,B,-,Y,TRI,2,36,-,-,43.420,I,5,W,Y,4,0,1,2,A,-,08,22107,,N,B,C,A,A,H,-,A,D,0,,,,,Y,,D,22,0,0,1,0,0,0,0,0,0,"- ","- ",,,TEHAMA,"RED BLUFF",-122.19694086,40.185766260000001
6827066,2015,2016-09-02,9130,2015-02-21,1530,16447,,6,2,9,5200,0,1,1,,2,051,"RT 5","CHP COTTONWOOD SCALES",800.00,N,N,A,-,Y,TEH,2,5,-,-,40.470,H,-,N,Y,3,0,1,1,A,-,08,22107,,N,F,A,A,A,H,-,A,D,1,,,Y,,Y,,C,02,0,1,0,0,0,0,0,0,1,"- ","- ",40.339930000000003,-122.28148,TEHAMA,UNINCORPORATED,-122.282419,40.352404110000002
6827886,2015,2016-09-07,9140,2015-01-19,1030,15598,,1,1,9,5200,0,1,3,,2,065,"RT 89","RT 36",5808.00,N,N,A,-,Y,TEH,2,89,-,-,1.100,H,-,N,Y,4,0,1,1,A,-,03,22350,,N,E,I,A,C,H,-,A,D,0,,,,,Y,,D,22,0,0,1,0,0,0,0,0,0,"- ","- ",,,TEHAMA,UNINCORPORATED,-121.52637761,40.37979576
6828888,2015,2016-09-07,5202,2015-01-28,1847,715,RBPD,3,5,3,5202,0,0,0,,0,001,"RT 36","CENTER AV",521.00,W,N,A,-,Y,TEH,2,36,-,-,41.570,H,-,W,N,2,0,1,2,A,-,11,21956,A,N,A,B,D,A,H,-,C,D,0,Y,,,,Y,,N,60,1,0,0,0,1,0,0,0,0,"- ","- ",,,TEHAMA,"RED BLUFF",-122.22930587,40.178820450000003
6830433,2015,2015-03-05,5202,2015-01-06,0801,1166,RBPD,2,5,3,5202,0,0,0,,0,005,"ADOBE RD","LISA WY",344.00,W,N,A,-,N,,,,,,,,,,Y,4,0,3,2,A,-,12,21453,A,N,D,C,A,A,H,-,A,A,0,,,,,Y,,A,01,0,0,3,0,0,0,0,0,0,"- ","- ",,,TEHAMA,"RED BLUFF",-122.23409655,40.192480170000003
6830441,2015,2015-03-05,5202,2015-01-14,0819,1166,RBPD,3,5,3,5202,0,0,0,,0,005,"KIMBALL RD","MONTGOMERY RD",57.00,W,N,A,-,N,,,,,,,,,,Y,4,0,1,2,A,-,03,22350,,N,C,C,A,A,H,-,A,D,0,,,,,Y,,A,01,0,0,1,0,0,0,0,0,0,"- ","- ",,,TEHAMA,"RED BLUFF",-122.22531398,40.157258210000002
6837536,2015,2015-03-16,9130,2015-02-24,1440,017250,,2,2,9,5200,0,3,5,,2,030,"CHESTNUT AV","ANTOINETTE CT",200.00,N,N,A,-,N,,,,,,,,,,N,3,0,4,2,A,-,03,22350,,N,C,C,A,A,H,-,A,D,0,,,,,Y,,A,01,0,3,1,0,0,0,0,0,0,"- ","- ",40.19229,-122.2092,TEHAMA,UNINCORPORATED,-122.20925204,40.192369149999998
6838051,2014,2016-06-16,9130,2014-11-14,0250,13857,,5,3,9,5200,0,1,1,,2,052,"RT 5","GAY CREEK",310.00,N,N,B,-,Y,TEH,2,5,-,R,0.170,H,-,S,Y,3,0,1,1,A,-,08,22107,,N,E,I,A,A,H,-,D,D,1,,,,,Y,,A,01,0,1,0,0,0,0,0,0,0,"- ","- ",39.80057,-122.20043,TEHAMA,UNINCORPORATED,-122.20033103,39.800525700000001
6846214,2015,2016-09-07,9140,2015-01-25,1451,016732,,7,2,9,5200,0,1,3,,2,063,"RT 36","TRAMWAY RD",3696.00,E,N,A,-,Y,TRI,2,36,-,-,77.390,H,-,E,N,2,0,1,1,A,-,03,22350,,N,E,I,A,A,H,-,A,D,0,,,Y,,Y,,C,02,1,0,0,0,0,0,0,0,1,"- ","- ",,,TEHAMA,UNINCORPORATED,-121.69814181,40.347228209999997
6846263,2015,2015-03-17,9130,2015-02-27,0930,017227,,5,1,9,5200,0,3,5,,2,040,"HOAG RD","HALL RD",0.00,,Y,A,-,N,,,,,,,,,,N,3,0,3,2,A,-,09,21801,A,N,D,C,A,A,H,-,A,D,0,,,,,Y,,A,08,0,1,2,0,0,0,0,0,0,"- ","- ",39.928750000000001,-122.12582999999999,TEHAMA,UNINCORPORATED,-122.12328991,39.926099989999997
6860538,2015,2016-09-07,9130,2015-03-12,1230,17334,,4,1,9,5200,0,1,3,,1,032,"RT 36","LATKA LN",55.00,W,N,A,-,Y,TEH,2,36,-,-,67.300,H,-,E,N,4,0,1,2,A,-,03,22350,,N,E,J,E,A,D,-,A,A,0,Y,,,,Y,,A,01,0,0,1,0,1,0,0,0,0,"- ","- ",40.346719999999998,-121.86253000000001,TEHAMA,UNINCORPORATED,-121.86214619,40.346734840000003
6861009,2015,2016-09-02,9130,2015-03-13,0955,015225,,5,1,9,5200,0,1,3,,1,031,"RT 99","KANSAS AV",528.00,N,N,B,-,Y,TEH,2,99,-,-,19.340,H,-,N,Y,3,0,1,2,A,-,03,22350,,N,C,C,A,A,H,-,A,D,0,,,,Y,Y,,G,25,0,1,0,0,0,0,0,0,0,"- ","- ",40.125869999999999,-122.12147,TEHAMA,UNINCORPORATED,-122.12134878000001,40.125475799999997
6862403,2015,2015-03-27,5202,2015-03-03,2229,2290,RBPD,2,5,3,5202,0,0,0,,0,005,"FRANZEL RD","SACRAMENTO AV",100.00,E,N,A,-,N,,,,,,,,,,N,3,0,2,2,A,-,08,22107,,N,E,E,A,A,H,-,D,D,0,,,,,Y,,A,01,0,1,1,0,0,0,0,0,0,"- ","- ",,,TEHAMA,"RED BLUFF",-122.24168209,40.162869999999998
6864284,2015,2015-04-07,5201,2015-03-11,1803,4625,1,3,5,2,5201,0,0,0,,0,,"EDITH AV","SOLANO ST",150.00,N,N,B,-,N,,,,,,,,,,N,3,0,1,2,A,-,05,21650,1,N,B,C,A,A,H,-,A,D,0,,Y,,,Y,,L,04,0,1,0,0,0,0,1,0,0,"- ","- ",,,TEHAMA,CORNING,-122.19758744000001,39.928491770000001
6867155,2015,2016-09-02,9130,2015-03-23,1520,015565,,1,2,9,5200,0,1,1,,2,051,"RT 5","RED BLUFF REST AREA",2640.00,S,N,B,-,Y,TEH,2,5,-,-,34.350,H,-,S,Y,3,0,3,2,A,-,03,22350,,N,C,C,A,A,H,-,A,D,1,,,,,Y,,D,22,0,2,1,0,0,0,0,0,0,"- ","- ",40.263489999999997,-122.2666,TEHAMA,UNINCORPORATED,-122.26765478999999,40.265575890000001
6867316,2015,2015-04-20,9130,2015-03-21,0800,017562,,6,1,9,5200,0,3,5,,2,010,"BAKER RD","PARK AV",1056.00,S,N,A,-,N,,,,,,,,,,Y,4,0,2,2,A,-,06,21751,,N,D,C,A,A,H,-,A,D,0,,,,,Y,,A,01,0,0,2,0,0,0,0,0,0,"- ","- ",40.176110000000001,-122.26081000000001,TEHAMA,UNINCORPORATED,-122.26093763,40.176410420000003
6870253,2015,2015-04-15,9130,2015-03-26,1415,17562,,4,2,9,5200,0,3,5,,2,040,"HALL RD","GARDINER FERRY RD",1056.00,N,N,A,-,N,,,,,,,,,,Y,3,0,1,1,A,-,08,22107,,N,E,I,A,A,H,-,A,D,0,,,,,Y,,A,07,0,1,0,0,0,0,0,0,0,"- ","- ",39.915559999999999,-122.12302,TEHAMA,UNINCORPORATED,-122.12329,39.9172498
6870257,2015,2015-04-15,9130,2015-03-27,0840,15824,,5,1,9,5200,0,3,5,,2,010,"DUSTY WY","PASKENTA RD",486.00,E,N,A,-,N,,,,,,,,,,Y,4,0,1,1,A,-,08,22107,,N,E,I,A,A,H,-,A,D,0,,,,,Y,,A,01,0,0,1,0,0,0,0,0,0,"- ","- ",40.0777,-122.27200000000001,TEHAMA,UNINCORPORATED,-122.27095359,40.077682129999999