CASE_ID,ACCIDENT_YEAR,PROC_DATE,JURIS,COLLISION_DATE,COLLISION_TIME,OFFICER_ID,REPORTING_DISTRICT,DAY_OF_WEEK,CHP_SHIFT,POPULATION,CNTY_CITY_LOC,SPECIAL_COND,BEAT_TYPE,CHP_BEAT_TYPE,CITY_DIVISION_LAPD,CHP_BEAT_CLASS,BEAT_NUMBER,PRIMARY_RD,SECONDARY_RD,DISTANCE,DIRECTION,INTERSECTION,WEATHER_1,WEATHER_2,STATE_HWY_IND,CALTRANS_COUNTY,CALTRANS_DISTRICT,STATE_ROUTE,ROUTE_SUFFIX,POSTMILE_PREFIX,POSTMILE,LOCATION_TYPE,RAMP_INTERSECTION,SIDE_OF_HWY,TOW_AWAY,COLLISION_SEVERITY,NUMBER_KILLED,NUMBER_INJURED,PARTY_COUNT,PRIMARY_COLL_FACTOR,PCF_CODE_OF_VIOL,PCF_VIOL_CATEGORY,PCF_VIOLATION,PCF_VIOL_SUBSECTION,HIT_AND_RUN,TYPE_OF_COLLISION,MVIW,PED_ACTION,ROAD_SURFACE,ROAD_COND_1,ROAD_COND_2,LIGHTING,CONTROL_DEVICE,CHP_ROAD_TYPE,PEDESTRIAN_ACCIDENT,BICYCLE_ACCIDENT,MOTORCYCLE_ACCIDENT,TRUCK_ACCIDENT,NOT_PRIVATE_PROPERTY,ALCOHOL_INVOLVED,STWD_VEHTYPE_AT_FAULT,CHP_VEHTYPE_AT_FAULT,COUNT_SEVERE_INJ,COUNT_VISIBLE_INJ,COUNT_COMPLAINT_PAIN,COUNT_PED_KILLED,COUNT_PED_INJURED,COUNT_BICYCLIST_KILLED,COUNT_BICYCLIST_INJURED,COUNT_MC_KILLED,COUNT_MC_INJURED,PRIMARY_RAMP,SECONDARY_RAMP,LATITUDE,LONGITUDE,COUNTY,CITY,POINT_X,POINT_Y
91014890,2019,2019-06-21,9130,2019-06-13,0640,016580,,4,1,9,5200,0,1,1,,2,051,"I-5 S/B","GAY CREEK BRIDGE",250.00,N,N,A,-,Y,,,5,,,,,,S,Y,3,0,1,1,A,-,08,22107,,N,E,I,A,A,H,-,A,D,0,,,,,Y,,A,08,0,1,0,0,0,0,0,0,0,"- ","- ",39.800861358642578,-122.19998931884766,TEHAMA,UNINCORPORATED,-122.20024871826172,39.800907135009766
91017072,2019,2019-06-25,9130,2019-06-16,1510,019792,,7,2,9,5200,0,1,3,,1,031,SR-99,"CONE GROVE RD",190.00,N,N,A,-,N,,,99,,,,,,,N,3,0,1,2,A,-,08,22107,,N,F,A,A,A,H,-,A,D,0,,,Y,,Y,,C,02,0,1,0,0,0,0,0,0,1,"- ","- ",40.169761657714844,-122.16246032714844,TEHAMA,UNINCORPORATED,-122.16243743896484,40.169788360595703
91017548,2019,2019-06-25,9130,2019-06-17,1425,019110,,1,2,9,5200,0,1,3,,1,031,"STATE ROUTE 99E","7TH AVENUE",0.00,,N,A,-,Y,,,99,,,,,,,Y,3,0,1,2,A,-,08,22107,,N,A,C,A,A,H,-,A,D,0,,,,Y,Y,,A,07,0,1,0,0,0,0,0,0,0,"- ","- ",40.078018188476562,-122.10063171386719,TEHAMA,UNINCORPORATED,-122.10065460205078,40.078022003173828
91018426,2019,2019-06-26,9130,2019-06-15,1435,019792,,6,2,9,5200,0,1,1,,2,052,"I-5 N/B","MOORE CREEK",450.00,S,N,A,-,Y,,,5,,,,,,N,Y,4,0,3,3,A,-,07,21658,A,N,C,C,A,A,H,-,A,D,0,,,,,Y,,D,22,0,0,3,0,0,0,0,0,0,"- ","- ",39.813690185546875,-122.19976806640625,TEHAMA,UNINCORPORATED,-122.19976043701172,39.813690185546875
91018464,2019,2019-06-26,9130,2019-06-19,1247,015829,,3,1,9,5200,0,1,1,,2,051,"I-5 N/B","JELLYS FERRY RD",12830.00,N,N,A,-,Y,,,5,,,,,,N,Y,4,0,1,2,A,-,03,22350,,N,C,C,A,A,H,-,A,D,0,,,,,Y,,A,01,0,0,1,0,0,0,0,0,0,"- ","- ",40.270748138427734,-122.26876068115234,TEHAMA,UNINCORPORATED,-122.26875305175781,40.270751953125
91018800,2019,2019-06-27,9130,2019-06-20,1942,015824,,4,2,9,5200,0,1,3,,1,041,"STATE ROUTE 99","LONG CREEK",451.00,S,N,A,-,Y,,,99,,,,,,,Y,4,0,2,1,A,-,03,22350,,N,E,I,A,A,H,-,A,D,0,,,,,Y,,A,07,0,0,2,0,0,0,0,0,0,"- ","- ",39.960918426513672,-122.06877899169922,TEHAMA,UNINCORPORATED,-122.06880950927734,39.960884094238281
91018821,2019,2019-06-27,9130,2019-06-20,2155,019041,,4,2,9,5200,0,2,4,,2,043,"HWY 99W","DORA AVE",800.00,N,N,A,-,N,,,,,,,,,,N,3,0,1,2,A,-,08,22107,,F,G,B,E,A,H,-,D,D,0,Y,,,,Y,,D,22,0,1,0,0,1,0,0,0,0,"- ","- ",39.894279479980469,-122.19744110107422,TEHAMA,UNINCORPORATED,-122.19747924804688,39.894218444824219
91018905,2019,2019-06-27,9130,2019-06-24,0730,016120,,1,1,9,5200,0,3,5,,2,020,"PASKENTA RD","SIMPSON RD",3696.00,W,N,A,-,N,,,,,,,,,,N,3,0,1,1,A,-,08,22107,,N,F,A,A,A,H,-,A,D,0,,,Y,,Y,,C,02,0,1,0,0,0,0,0,0,1,"- ","- ",39.957828521728516,-122.34400939941406,TEHAMA,UNINCORPORATED,-122.34333038330078,39.958003997802734
91023189,2019,2019-07-02,9140,2019-06-26,1325,015598,,3,1,9,5200,0,1,3,,2,063,"STATE ROUTE 36","DIAMOND RD.",2112.00,E,N,A,-,Y,,,36,,,,,,,Y,4,0,1,1,A,-,08,22107,,N,E,I,A,A,H,-,A,D,0,,,,,Y,,A,01,0,0,1,0,0,0,0,0,0,"- ","- ",40.344051361083984,-121.66155242919922,TEHAMA,UNINCORPORATED,-121.66155242919922,40.344013214111328
91027000,2019,2019-07-09,9130,2019-06-28,1730,018083,,5,2,9,5200,0,1,1,,2,052,"I-5 S/B","GYLE ROAD",2640.00,S,N,A,-,Y,,,5,,,,,,S,Y,4,0,1,3,A,-,03,22350,,N,C,C,A,A,H,-,A,A,0,,,,,Y,,A,07,0,0,1,0,0,0,0,0,0,"- ","- ",39.988838195800781,-122.20413970947266,TEHAMA,UNINCORPORATED,-122.20417022705078,39.988834381103516
91028339,2019,2019-07-10,9175,2019-07-09,1120,018268,,2,1,9,5200,0,1,3,,1,017,SR-3,"BEAR CREEK LOOP",13728.00,N,N,A,-,Y,,,,,,,,,,Y,2,0,1,1,A,-,03,22350,,N,F,I,A,A,H,-,A,D,0,,,Y,,Y,,C,02,1,0,0,0,0,0,0,0,1,"- ","- ",41.242908477783203,-122.66502380371094,TEHAMA,UNINCORPORATED,,
91031483,2019,2019-07-16,9130,2019-07-05,1410,019110,,5,2,3,5202,0,1,1,,2,051,"INTERSTATE 5 S/B","WILCOX GOLF RD",2668.00,S,N,A,-,Y,,,5,,,,,,S,Y,4,0,3,1,C,-,18,,,N,E,I,A,A,H,-,A,D,0,,,,,Y,,-,"- ",0,0,3,0,0,0,0,0,0,"- ","- ",40.212158203125,-122.24871826171875,TEHAMA,"RED BLUFF",-122.24878692626953,40.212135314941406
91031914,2019,2019-07-16,9130,2019-07-05,0015,019714,,5,3,9,5200,0,3,5,,2,020,"BLACK BUTTE RD","LONG HOLLOW RD",5808.00,N,N,A,-,N,,,,,,,,,,N,3,0,1,1,A,-,01,23152,A,N,E,I,A,A,H,-,D,D,0,,,,,Y,Y,A,07,0,1,0,0,0,0,0,0,0,"- ","- ",39.869388580322266,-122.33489990234375,TEHAMA,UNINCORPORATED,-122.33455657958984,39.869541168212891
91032828,2019,2019-07-17,9130,2019-07-13,0252,019041,,6,3,9,5200,0,2,4,,2,013,"BOWMAN RD","MEEKS RD",580.00,W,N,A,-,N,,,,,,,,,,Y,2,0,1,1,A,-,01,23152,A,N,E,I,A,A,H,-,D,D,0,,,Y,,Y,Y,C,02,1,0,0,0,0,0,0,0,1,"- ","- ",40.347721099853516,-122.35453796386719,TEHAMA,UNINCORPORATED,-122.35448455810547,40.347194671630859
91034308,2019,2019-07-19,9130,2019-07-12,1740,019110,,5,2,9,5200,0,1,3,,1,031,"STATE ROUTE 99E N/B","CONE GROVE RD",2138.00,N,N,A,-,Y,,,99,,,,,,N,Y,3,0,1,1,A,-,08,22107,,N,E,I,A,A,H,-,A,D,0,,,,,Y,,A,08,0,1,0,0,0,0,0,0,0,"- ","- ",40.174179077148438,-122.16661834716797,TEHAMA,UNINCORPORATED,-122.16661834716797,40.174179077148438
91036705,2019,2019-07-24,9130,2019-07-13,2000,020158,,6,2,9,5200,0,1,1,,2,052,"I-5 SOUTHBOUND","COUNTY ROAD 7",2640.00,N,N,A,-,Y,,,5,,,,,,S,Y,3,0,3,1,A,-,08,22107,,N,E,I,A,A,H,-,A,D,0,,,,,Y,,A,01,0,1,2,0,0,0,0,0,0,"- ","- ",39.800819396972656,-122.20030212402344,TEHAMA,UNINCORPORATED,-122.20027160644531,39.800815582275391
91037364,2019,2019-07-25,9130,2019-07-14,0913,018083,,7,1,9,5200,0,1,3,,1,012,SR-36,"VESTAL ROAD",22704.00,W,N,A,-,Y,,,36,,,,,,,Y,2,0,2,2,A,-,03,22350,,N,C,C,A,A,H,-,A,A,0,,,Y,,Y,,C,02,1,1,0,0,0,0,0,0,2,"- ","- ",40.31964111328125,-122.78964996337891,TEHAMA,UNINCORPORATED,-122.78964996337891,40.319610595703125
91040882,2019,2019-07-29,9140,2019-07-24,1620,016735,,3,2,9,5200,0,1,3,,2,062,"STATE ROUTE 32","STATE ROUTE 36",30096.00,W,N,A,-,Y,,,,,,,,,,Y,4,0,1,2,A,-,03,22350,,N,C,C,A,A,H,-,A,D,0,,,,,Y,,D,22,0,0,1,0,0,0,0,0,0,"- ","- ",,,TEHAMA,UNINCORPORATED,-121.47662353515625,40.224262237548828
91042521,2019,2019-07-31,9130,2019-07-19,1339,019110,,5,1,9,5200,0,3,5,,2,010,"RAWSON RD","FLORES AVE",0.00,,Y,A,-,N,,,,,,,,,,Y,4,0,1,2,A,-,09,21802,A,N,D,C,A,A,D,H,A,D,0,,,,,Y,,D,22,0,0,1,0,0,0,0,0,0,"- ","- ",40.084270477294922,-122.23316192626953,TEHAMA,UNINCORPORATED,-122.23317718505859,40.084259033203125
91044339,2019,2019-08-02,9130,2019-07-24,1345,016408,,3,1,9,5200,0,1,3,,1,012,SR-36,"BASLER RD",500.00,W,N,A,-,Y,,,,,,,,,,Y,4,0,2,2,A,-,01,23152,A,N,B,C,A,A,H,-,A,D,0,,,,,Y,Y,D,22,0,0,2,0,0,0,0,0,0,"- ","- ",40.24530029296875,-122.64251708984375,TEHAMA,UNINCORPORATED,,
91044469,2019,2019-08-02,9130,2019-07-25,1322,018083,,4,1,9,5200,0,1,3,,1,031,"SR-99 S/B","CONE GROVE ROAD",0.00,,Y,A,-,Y,,,99,,,,,,S,Y,3,0,3,2,A,-,09,21801,A,N,A,C,A,A,H,-,A,D,0,,,,,Y,,A,01,0,1,2,0,0,0,0,0,0,"- ","- ",40.169441223144531,-122.16201019287109,TEHAMA,UNINCORPORATED,-122.16201782226562,40.16943359375
91048392,2019,2019-08-08,9130,2019-07-29,0510,020158,,1,3,9,5200,0,1,1,,2,052,"I-5 NORTHBOUND","TEHAMA AVENUE",2640.00,S,N,A,-,Y,,,5,,,,,,N,Y,4,0,2,2,A,-,07,21658,A,N,C,C,A,A,H,-,B,D,0,,,,Y,Y,,A,01,0,0,2,0,0,0,0,0,0,"- ","- ",40.024040222167969,-122.20970153808594,TEHAMA,UNINCORPORATED,-122.20960235595703,40.024055480957031
91050304,2019,2019-08-12,9130,2019-07-31,1255,016120,,3,1,9,5200,0,2,4,,2,034,CR-99W,"SISTER MARY COLUMBA DR",2112.00,S,N,A,-,N,,,,,,,,,,Y,2,0,3,2,A,-,01,23152,A,N,A,C,A,A,H,-,A,D,0,,,,,Y,Y,D,22,1,0,2,0,0,0,0,0,0,"- ","- ",40.146308898925781,-122.21521759033203,TEHAMA,UNINCORPORATED,-122.21367645263672,40.144058227539062
91061851,2019,2019-08-28,9130,2019-08-19,1630,018083,,1,2,9,5200,0,3,5,,2,030,"SNIVELY ROAD","SUNSET HILLS DRIVE",4224.00,S,N,A,-,N,,,,,,,,,,Y,3,0,1,1,A,-,08,22107,,N,E,I,A,A,H,-,A,D,0,,,,,Y,,A,01,0,1,0,0,0,0,0,0,0,"- ","- ",40.315700531005859,-122.27208709716797,TEHAMA,UNINCORPORATED,-122.27227783203125,40.316303253173828
91062664,2019,2019-08-29,9130,2019-08-19,1110,016120,,1,1,9,5200,0,1,1,,2,051,"I-5 S/B","GYLE RD",454.00,N,N,A,-,Y,,,5,,,,,,S,Y,2,0,1,1,A,-,08,22107,,N,F,A,A,A,H,-,A,D,0,,,,,Y,,D,22,1,0,0,0,0,0,0,0,0,"- ","- ",40.001640319824219,-122.20623016357422,TEHAMA,UNINCORPORATED,-122.20625305175781,40.001636505126953
91062792,2019,2019-08-29,9130,2019-08-21,0335,013857,,3,3,9,5200,0,1,1,,2,051,"INTERSTATE 5 NB","GAY CREEK",125.00,N,N,A,-,Y,,,5,,,,,,N,Y,4,0,2,2,A,-,03,22350,,N,C,C,A,A,H,-,D,D,0,,,,,Y,,A,01,0,0,2,0,0,0,0,0,0,"- ","- ",39.800361633300781,-122.20010375976562,TEHAMA,UNINCORPORATED,-122.2000732421875,39.800350189208984
91066920,2019,2019-09-04,9130,2019-08-25,0625,016408,,7,1,9,5200,0,1,3,,1,031,SR-99,"OKLAHOMA AVE",200.00,S,N,A,-,Y,,,99,,,,,,,Y,2,0,4,1,A,-,08,22107,,N,F,A,A,A,H,-,A,D,0,,,,,Y,Y,A,01,1,2,1,0,0,0,0,0,0,"- ","- ",40.133010864257812,-122.12415313720703,TEHAMA,UNINCORPORATED,-122.12419128417969,40.132976531982422
91067136,2019,2019-09-04,9130,2019-08-05,0030,020158,,1,3,9,5200,0,3,5,,2,040,"GERBER ROAD","HIGHWAY 99W",2112.00,E,N,A,-,N,,,,,,,,,,N,1,1,0,2,A,-,11,21954,A,N,G,B,E,A,H,-,D,D,0,Y,,,,Y,,N,60,0,0,0,1,0,0,0,0,0,"- ","- ",40.047370910644531,-122.16281890869141,TEHAMA,UNINCORPORATED,-122.16287231445312,40.047336578369141
91067255,2019,2019-09-04,9130,2019-08-23,0810,017692,,5,1,9,5200,0,2,4,,2,043,"HWY 99W","CHARD AVE",0.00,,Y,A,-,N,,,,,,,,,,Y,3,0,1,2,A,-,09,21802,A,N,D,C,A,A,H,-,A,A,0,,,,,Y,,A,01,0,1,0,0,0,0,0,0,0,"- ","- ",40.068729400634766,-122.17015838623047,TEHAMA,UNINCORPORATED,-122.17012,40.068739999999998
91067362,2019,2019-09-04,9130,2019-08-25,1405,018083,,7,2,9,5200,0,3,5,,2,020,"CORNING ROAD","10TH AVENUE",5280.00,W,N,A,-,N,,,,,,,,,,Y,2,0,2,1,A,-,03,22350,,N,F,A,A,A,H,-,A,D,0,,,Y,,Y,,C,02,2,0,0,0,0,0,0,0,2,"- ","- ",39.929149627685547,-122.27336883544922,TEHAMA,UNINCORPORATED,-122.27264404296875,39.929157257080078
91074375,2019,2019-09-13,9130,2019-09-04,1120,016120,,3,1,9,5200,0,1,3,,1,031,SR-99E,"TOOMES CREEK BRIDGE",1900.00,S,N,A,-,Y,,,99,,,,,,,N,4,0,2,2,A,-,03,22350,,N,C,C,A,A,H,-,A,D,0,,,,,Y,,D,22,0,0,2,0,0,0,0,0,0,"- ","- ",39.972320556640625,-122.07576751708984,TEHAMA,UNINCORPORATED,-122.07504272460938,39.972667694091797
91074578,2019,2019-09-13,9130,2019-08-13,2318,019792,,2,3,9,5200,0,1,3,,1,031,SR-99,"SIXTH AVE.",210.00,N,N,A,-,Y,,,99,,,,,,,Y,1,2,0,2,A,-,05,21460,A,N,A,C,A,A,H,-,D,D,0,,,,,Y,,A,07,0,0,0,0,0,0,0,0,0,"- ","- ",40.075141906738281,-122.10066223144531,TEHAMA,UNINCORPORATED,-122.10066986083984,40.075141906738281
91078845,2019,2019-09-19,9130,2019-09-09,0630,019218,,1,1,9,5200,0,1,3,,1,031,SR-99,"SOUTH AVE",23.00,S,N,A,-,Y,,,99,,,,,,,Y,4,0,4,2,A,-,03,22350,,N,C,C,A,A,H,-,B,D,0,,,,,Y,,A,07,0,0,4,0,0,0,0,0,0,"- ","- ",39.931781768798828,-122.03301239013672,TEHAMA,UNINCORPORATED,-122.03302001953125,39.931770324707031
91078867,2019,2019-09-19,9130,2019-09-09,1602,019742,,1,2,9,5200,0,2,4,,2,034,"COUNTY ROAD 99W","TYLER RD",0.00,,Y,A,-,N,,,,,,,,,,Y,3,0,1,2,A,-,09,21801,A,N,A,C,A,A,H,-,A,D,0,,,,Y,Y,,G,25,0,1,0,0,0,0,0,0,0,"- ","- ",40.133529663085938,-122.2064208984375,TEHAMA,UNINCORPORATED,-122.2064208984375,40.133529663085938
91080547,2019,2019-09-23,9130,2019-09-14,0251,019714,,6,3,9,5200,0,1,1,,2,051,"I-5 S/B","MAIN ST",407.00,S,N,A,-,Y,,,5,,,,,,S,Y,4,0,1,1,A,-,08,22107,,N,E,I,A,A,H,-,D,D,0,,,,,Y,,A,07,0,0,1,0,0,0,0,0,0,"- ","- ",40.202220916748047,-122.24317169189453,TEHAMA,UNINCORPORATED,-122.24322509765625,40.202182769775391
91083948,2019,2019-09-26,9130,2019-09-17,0715,016580,,2,1,9,5200,0,2,4,,2,043,99W,"GYLE RD",0.00,,Y,A,-,Y,,,,,,,,,,Y,2,0,4,2,A,-,09,21801,A,N,A,C,A,A,H,-,A,D,0,,,,,Y,,A,01,1,2,1,0,0,0,0,0,0,"- ","- ",40.005508422851562,-122.17202758789062,TEHAMA,UNINCORPORATED,-122.17195892333984,40.005481719970703
91087007,2019,2019-09-30,9130,2019-09-18,1220,016408,,3,1,9,5200,0,3,5,,2,040,"5TH AVE","MOLLER AVE",0.00,,Y,B,-,N,,,,,,,,,,Y,4,0,1,2,A,-,09,21802,A,N,D,C,A,A,H,-,A,A,0,,,,Y,Y,,F,26,0,0,1,0,0,0,0,0,0,"- ","- ",39.811439514160156,-122.10408020019531,TEHAMA,UNINCORPORATED,-122.10399627685547,39.811439514160156
91087084,2019,2019-09-30,9130,2019-09-18,1226,018083,,3,1,9,5200,0,1,1,,2,051,"I-5 S/B","HOOKER CREEK ROAD",4752.00,S,N,A,-,Y,,,5,,,,,,S,Y,3,0,1,1,A,-,08,22107,,N,E,I,A,A,H,-,A,D,0,,,,,Y,,A,01,0,1,0,0,0,0,0,0,0,"- ","- ",40.280490875244141,-122.27294921875,TEHAMA,UNINCORPORATED,-122.27330780029297,40.280342102050781
91088787,2019,2019-10-02,9130,2019-09-20,1500,019110,,5,2,9,5200,0,1,3,,1,012,"STATE ROUTE 36W","TEDOC RD",50.00,W,N,A,-,Y,,,36,,,,,,,Y,3,0,1,1,A,-,08,22107,,N,E,I,A,A,H,-,A,D,0,,,,,Y,,A,01,0,1,0,0,0,0,0,0,0,"- ","- ",40.328708648681641,-122.84195709228516,TEHAMA,UNINCORPORATED,-122.84188842773438,40.3287353515625
91089030,2019,2019-10-02,9130,2019-09-20,1815,019742,,5,2,9,5200,0,2,4,,2,034,"ROAD 99W","LIBERAL AVE",50.00,S,N,A,-,N,,,,,,,,,,Y,3,0,3,2,A,-,03,22350,,N,C,C,A,A,H,-,A,D,0,,,,Y,Y,,A,08,0,1,2,0,0,0,0,0,0,"- ","- ",39.881610870361328,-122.19772338867188,TEHAMA,UNINCORPORATED,-122.19743347167969,39.881462097167969
91091703,2019,2019-10-07,9130,2019-09-25,1345,016120,,3,1,9,5200,0,1,3,,1,012,SR-36,"DIAMOND STAR RD",1056.00,W,N,A,-,Y,,,36,,,,,,,Y,4,0,1,1,A,-,08,22107,,N,E,I,A,A,H,-,A,D,0,,,Y,,Y,,C,02,0,0,1,0,0,0,0,0,1,"- ","- ",40.239261627197266,-122.46238708496094,TEHAMA,UNINCORPORATED,-122.46230316162109,40.239322662353516
91091936,2019,2019-10-07,9130,2019-09-28,1725,019110,,6,2,9,5200,0,3,5,,2,040,"HALL RD","EASTBOROUGH CT",330.00,N,N,F,G,N,,,,,,,,,,Y,4,0,1,2,A,-,09,21801,A,N,A,C,A,A,H,-,A,D,0,,,,,Y,,A,07,0,0,1,0,0,0,0,0,0,"- ","- ",39.925548553466797,-122.12326812744141,TEHAMA,UNINCORPORATED,-122.12328338623047,39.925487518310547
91093928,2019,2019-10-09,9130,2019-10-01,2300,019714,,2,3,9,5200,0,3,5,,2,030,"MAIN ST","LAKE CALIFORNIA DR",1110.00,N,N,A,-,N,,,,,,,,,,Y,4,0,1,1,A,-,01,23152,A,N,E,I,A,A,H,-,D,D,0,,,,,Y,Y,D,22,0,0,1,0,0,0,0,0,0,"- ","- ",40.371650695800781,-122.28366851806641,TEHAMA,UNINCORPORATED,-122.28388977050781,40.371891021728516
91102074,2019,2019-10-21,9130,2019-10-10,1130,016120,,4,1,9,5200,0,1,3,,1,032,SR-36,"PAYNES CREEK LOOP",0.00,,Y,A,-,Y,,,36,,,,,,,N,4,0,1,2,A,-,09,21801,A,N,A,C,A,A,H,-,A,D,0,,,,,Y,,D,22,0,0,1,0,0,0,0,0,0,"- ","- ",40.334739685058594,-121.92137145996094,TEHAMA,UNINCORPORATED,-121.92138671875,40.334793090820312
91102659,2019,2019-10-22,9130,2019-10-12,0518,016580,,6,3,9,5200,0,1,3,,1,032,"SR-36 W/B","TUSCAN SPRINGS RD",1210.00,W,N,A,-,Y,,,36,,,,,,W,Y,3,0,2,2,A,-,08,22107,,N,B,C,A,A,H,-,A,D,0,,,,,Y,,A,01,0,1,1,0,0,0,0,0,0,"- ","- ",40.276531219482422,-122.12416076660156,TEHAMA,UNINCORPORATED,-122.12419128417969,40.276557922363281
91104265,2019,2019-10-23,9130,2019-10-13,1730,015824,,7,2,9,5200,0,3,5,,2,040,"EDITH AVE","FINNEL AVE",0.00,,Y,A,-,N,,,,,,,,,,Y,4,0,1,2,A,-,12,22450,A,N,D,C,A,A,H,-,A,A,0,,,,,Y,,A,07,0,0,1,0,0,0,0,0,0,"- ","- ",39.95697021484375,-122.19747161865234,TEHAMA,UNINCORPORATED,-122.19747924804688,39.956958770751953
91104787,2019,2019-11-18,9130,2019-10-14,2028,019714,,1,2,9,5200,0,1,1,,2,052,"I-5 S/B FROM SOUTH AVE.","SOUTH AVE",954.00,S,N,A,-,Y,,,5,,,,R,,S,Y,4,0,1,2,A,-,03,22350,,N,C,C,A,A,H,-,D,D,0,,,,,Y,,D,22,0,0,1,0,0,0,0,0,0,"- ","- ",39.90380859375,-122.20041656494141,TEHAMA,UNINCORPORATED,-122.20041656494141,39.90380859375
91110177,2019,2019-10-30,9130,2019-10-20,1505,016408,,7,2,9,5200,0,3,5,,2,010,"HOOKER CREEK RD","MOHR RD",1056.00,E,N,A,-,N,,,,,,,,,,Y,4,0,1,1,A,-,08,22107,,M,E,I,A,A,H,-,A,D,0,,,,,Y,,D,22,0,0,1,0,0,0,0,0,0,"- ","- ",40.295570373535156,-122.29280090332031,TEHAMA,UNINCORPORATED,-122.29312133789062,40.295677185058594
91112490,2019,2019-11-04,9130,2019-10-12,2225,019742,,6,3,9,5200,0,3,5,,2,030,"JELLYS FERRY ROAD","JULIE LANE",1056.00,W,N,A,-,N,,,,,,,,,,Y,1,1,1,1,A,-,01,23152,A,N,F,A,A,A,H,-,D,D,0,,,Y,,Y,Y,C,02,1,0,0,0,0,0,0,1,1,"- ","- ",40.259590148925781,-122.24005889892578,TEHAMA,UNINCORPORATED,-122.24076843261719,40.259159088134766
9111375,2020,2020-11-20,5202,2020-05-30,1655,1017,RBPD,6,5,3,5202,0,0,0,,0,,"BRECKENRIDGE ST","GRANT ST",50.00,W,N,B,-,N,,,,,,,,,,Y,3,0,2,2,A,-,08,22107,,N,D,C,A,A,H,-,A,D,0,,,,,Y,,A,01,0,1,1,0,0,0,0,0,0,"- ","- ",40.183708190917969,-122.24028015136719,TEHAMA,"RED BLUFF",-122.24043273925781,40.18365478515625
91114536,2019,2019-11-06,9130,2019-10-27,0150,019742,,7,3,9,5200,0,3,5,,2,020,"HOAG RD","MARVIN LN",33.00,W,N,A,G,N,,,,,,,,,,Y,3,0,1,1,A,-,08,22107,,M,E,I,A,A,H,-,D,D,0,,,,,Y,Y,A,01,0,1,0,0,0,0,0,0,0,"- ","- ",39.928749084472656,-122.12876129150391,TEHAMA,UNINCORPORATED,-122.12864685058594,39.928817749023438
91115541,2019,2019-11-07,9130,2019-10-29,0137,019714,,2,3,9,5200,0,1,1,,2,051,"I-5 S/B","BOWMAN RD",2025.00,S,N,A,-,Y,,,5,,,,,,S,Y,2,0,2,1,A,-,08,22107,,N,E,I,A,A,H,-,C,D,0,,,,,Y,,A,07,1,1,0,0,0,0,0,0,0,"- ","- ",40.357578277587891,-122.28346252441406,TEHAMA,UNINCORPORATED,-122.28355407714844,40.357574462890625
91118956,2019,2019-11-13,9130,2019-11-03,1430,019218,,7,2,9,5200,0,3,5,,2,020,"RAWSON RD","GYLE RD",0.00,,Y,A,-,N,,,,,,,,,,Y,4,0,1,2,A,-,12,22450,A,N,D,C,A,A,H,-,A,D,0,,,,,Y,,D,22,0,0,1,0,0,0,0,0,0,"- ","- ",40.000858306884766,-122.22525787353516,TEHAMA,UNINCORPORATED,-122.22527313232422,40.000869750976562
91129055,2019,2019-11-25,9140,2019-11-04,1600,020806,,1,2,9,5200,0,1,3,,2,062,"STATE ROUTE 32","POTATO PATCH CG ROAD",3168.00,E,N,A,-,Y,,,,,,,,,,Y,3,0,1,1,A,-,08,22107,,M,E,I,A,A,H,-,A,D,0,,,,,Y,Y,E,22,0,1,0,0,0,0,0,0,0,"- ","- ",,,TEHAMA,UNINCORPORATED,,
91129306,2019,2019-11-25,9130,2019-11-13,1530,019110,,3,2,9,5200,0,2,4,,2,042,"SOUTH AVE","HOUGHTON AVE",0.00,,Y,A,-,N,,,,,,,,,,N,2,0,1,2,A,-,09,21804,A,N,H,G,A,A,H,-,A,D,0,,Y,,,Y,,L,04,1,0,0,0,0,0,1,0,0,"- ","- ",39.906349182128906,-122.18744659423828,TEHAMA,UNINCORPORATED,-122.18824768066406,39.906410217285156
91130219,2019,2019-11-26,9130,2019-11-18,1825,019218,,1,2,9,5200,0,3,5,,2,030,"MANTON RD","SPENCER LAKE RD",5280.00,S,N,A,-,N,,,,,,,,,,Y,3,0,1,1,A,-,08,22107,,N,E,I,A,A,H,-,D,D,0,,,,,Y,,A,08,0,1,0,0,0,0,0,0,0,"- ","- ",40.410820007324219,-121.96109008789062,TEHAMA,UNINCORPORATED,-121.96109771728516,40.410839080810547
91133625,2019,2019-12-02,9140,2019-11-21,1548,021043,,4,2,9,5200,0,1,3,,2,061,"STATE ROUTE 36","STATE ROUTE 89",8976.00,E,N,A,-,Y,,,,,,,,,,Y,3,0,1,1,A,-,08,22107,,N,F,A,A,A,H,-,A,D,0,,,,Y,Y,,F,25,0,1,0,0,0,0,0,0,0,"- ","- ",40.348808288574219,-121.53701019287109,TEHAMA,UNINCORPORATED,-121.53821563720703,40.349605560302734