CASE_ID,ACCIDENT_YEAR,PROC_DATE,JURIS,COLLISION_DATE,COLLISION_TIME,OFFICER_ID,REPORTING_DISTRICT,DAY_OF_WEEK,CHP_SHIFT,POPULATION,CNTY_CITY_LOC,SPECIAL_COND,BEAT_TYPE,CHP_BEAT_TYPE,CITY_DIVISION_LAPD,CHP_BEAT_CLASS,BEAT_NUMBER,PRIMARY_RD,SECONDARY_RD,DISTANCE,DIRECTION,INTERSECTION,WEATHER_1,WEATHER_2,STATE_HWY_IND,CALTRANS_COUNTY,CALTRANS_DISTRICT,STATE_ROUTE,ROUTE_SUFFIX,POSTMILE_PREFIX,POSTMILE,LOCATION_TYPE,RAMP_INTERSECTION,SIDE_OF_HWY,TOW_AWAY,COLLISION_SEVERITY,NUMBER_KILLED,NUMBER_INJURED,PARTY_COUNT,PRIMARY_COLL_FACTOR,PCF_CODE_OF_VIOL,PCF_VIOL_CATEGORY,PCF_VIOLATION,PCF_VIOL_SUBSECTION,HIT_AND_RUN,TYPE_OF_COLLISION,MVIW,PED_ACTION,ROAD_SURFACE,ROAD_COND_1,ROAD_COND_2,LIGHTING,CONTROL_DEVICE,CHP_ROAD_TYPE,PEDESTRIAN_ACCIDENT,BICYCLE_ACCIDENT,MOTORCYCLE_ACCIDENT,TRUCK_ACCIDENT,NOT_PRIVATE_PROPERTY,ALCOHOL_INVOLVED,STWD_VEHTYPE_AT_FAULT,CHP_VEHTYPE_AT_FAULT,COUNT_SEVERE_INJ,COUNT_VISIBLE_INJ,COUNT_COMPLAINT_PAIN,COUNT_PED_KILLED,COUNT_PED_INJURED,COUNT_BICYCLIST_KILLED,COUNT_BICYCLIST_INJURED,COUNT_MC_KILLED,COUNT_MC_INJURED,PRIMARY_RAMP,SECONDARY_RAMP,LATITUDE,LONGITUDE,COUNTY,CITY,POINT_X,POINT_Y
91247874,2020,2020-06-05,9130,2020-05-28,0650,018812,,4,1,9,5200,0,1,1,,2,051,"I-5 N/B","JELLYS FERRY RD",10560.00,N,N,A,-,Y,,,5,,,,,,N,Y,2,0,1,1,A,-,08,22107,,N,E,I,A,A,H,-,A,D,0,,,,,Y,,D,22,1,0,0,0,0,0,0,0,0,"- ","- ",40.264888763427734,-122.26643371582031,TEHAMA,UNINCORPORATED,-122.26652526855469,40.264854431152344
91248585,2020,2020-06-08,9130,2020-05-30,1250,019218,,6,1,2,5201,0,1,1,,2,052,"I-5 N/B","SOUTH AVE",2230.00,N,N,A,-,Y,,,5,,,,,,N,Y,2,0,1,1,A,-,08,22107,,N,E,I,A,A,H,-,A,D,0,,,,,Y,,A,01,1,0,0,0,0,0,0,0,0,"- ","- ",39.912578582763672,-122.19998168945312,TEHAMA,CORNING,-122.20006561279297,39.912578582763672
91248716,2020,2020-06-08,9130,2020-05-31,2355,015667,,7,3,9,5200,0,2,4,,2,013,"BOWMAN RD","BROADHURST RD.",1345.00,W,N,B,-,N,,,,,,,,,,Y,3,0,1,1,A,-,01,23152,A,N,E,I,A,A,H,-,D,D,0,,,,,Y,Y,D,22,0,1,0,0,0,0,0,0,0,"- ","- ",40.360279083251953,-122.31002807617188,TEHAMA,UNINCORPORATED,-122.30971527099609,40.360202789306641
91255478,2020,2020-06-22,9130,2020-06-10,1050,018083,,3,1,9,5200,0,3,5,,2,040,"HAMILTON AVENUE","MCCLURE AVENUE",0.00,,Y,A,-,N,,,,,,,,,,Y,4,0,2,2,A,-,09,21800,A,N,D,C,A,A,H,-,A,D,0,,,,,Y,,A,01,0,0,2,0,0,0,0,0,0,"- ","- ",40.014518737792969,-122.18132781982422,TEHAMA,UNINCORPORATED,-122.18135070800781,40.014511108398438
91257533,2020,2020-06-25,9130,2020-06-16,1720,019714,,2,2,9,5200,0,3,5,,2,010,"GREEN VALLEY ACRES DR","SHASTA VIEW DR",2403.00,S,N,A,-,N,,,,,,,,,,Y,2,0,3,1,A,-,01,23152,A,N,E,I,A,A,H,-,A,D,0,,,,,Y,Y,D,22,2,1,0,0,0,0,0,0,0,"- ","- ",40.2069091796875,-122.35146331787109,TEHAMA,UNINCORPORATED,-122.35155487060547,40.207279205322266
91259998,2020,2020-06-29,9130,2020-06-17,1900,015667,,3,2,3,5202,0,1,1,,2,051,"I-5 S/B","ANTELOPE BLVD",1584.00,S,N,A,-,Y,,,5,,,,,,S,Y,2,0,1,1,A,-,08,22107,,N,E,I,A,A,H,-,A,D,0,,,,,Y,,A,01,1,0,0,0,0,0,0,0,0,"- ","- ",40.176959991455078,-122.22245788574219,TEHAMA,"RED BLUFF",-122.22240447998047,40.176990509033203
91261682,2020,2020-07-01,9130,2020-06-20,1206,018083,,6,1,9,5200,0,3,5,,2,040,"TEHAMA VINA ROAD","RIVER ROAD",105.00,W,N,A,-,N,,,,,,,,,,Y,4,0,1,1,A,-,08,22107,,N,E,I,A,A,H,-,A,D,0,,,,,Y,,D,22,0,0,1,0,0,0,0,0,0,"- ","- ",40.029468536376953,-122.11441802978516,TEHAMA,UNINCORPORATED,-122.113292,40.029522
91262488,2020,2020-07-02,9130,2020-06-23,1540,019110,,2,2,9,5200,0,2,4,,2,034,"ROAD 99W","WESTOVER RD",75.00,S,N,A,-,N,,,,,,,,,,Y,4,0,1,1,A,-,08,22107,,N,E,I,A,A,H,-,A,D,0,,,,,Y,,A,01,0,0,1,0,0,0,0,0,0,"- ","- ",40.089908599853516,-122.17637634277344,TEHAMA,UNINCORPORATED,-122.17660522460938,40.0899658203125
91262503,2020,2020-07-02,9130,2020-06-23,0200,020580,,2,3,9,5200,0,1,3,,1,041,SR-99E,"ORANGE ST",0.00,,Y,A,-,Y,,,99,,,,,,,Y,3,0,1,1,A,-,01,23152,A,N,E,I,A,A,H,-,C,D,0,,,,,Y,Y,A,01,0,1,0,0,0,0,0,0,0,"- ","- ",40.023868560791016,-122.09996032714844,TEHAMA,UNINCORPORATED,-122.09986114501953,40.023868560791016
91263313,2020,2020-07-06,9140,2020-06-26,1740,021043,,5,2,9,5200,0,1,3,,2,062,"STATE ROUTE 32","USFS ROAD 28N12",3696.00,W,N,A,-,Y,,,,,,,,,,Y,2,0,1,1,A,-,08,22107,,N,E,I,A,A,H,-,A,D,0,,,,,Y,,A,07,1,0,0,0,0,0,0,0,0,"- ","- ",40.241230010986328,-121.44970703125,TEHAMA,UNINCORPORATED,,
91264657,2020,2020-07-07,9130,2020-06-28,0530,016120,,7,3,9,5200,0,1,1,,2,051,"I-5 N/B","JELLYS FERRY RD",2640.00,S,N,A,-,Y,,,5,,,,,,N,Y,3,0,1,1,A,-,08,22107,,N,E,I,A,A,H,-,A,D,0,,,,,Y,,A,01,0,1,0,0,0,0,0,0,0,"- ","- ",40.228199005126953,-122.25421905517578,TEHAMA,UNINCORPORATED,-122.25433349609375,40.228187561035156
91264761,2020,2020-07-07,9130,2020-06-30,1745,015667,,2,2,9,5200,0,1,3,,1,031,SR-99,"PATTERSON RD",1056.00,S,N,A,-,Y,,,99,,,,,,,Y,2,0,1,1,A,-,01,23152,A,N,E,I,A,A,H,-,A,D,0,,,,,Y,Y,A,01,1,0,0,0,0,0,0,0,0,"- ","- ",40.158290863037109,-122.14792633056641,TEHAMA,UNINCORPORATED,-122.14798736572266,40.158237457275391
91265122,2020,2020-07-08,9140,2020-05-29,1830,021683,,5,2,9,5200,0,3,5,,2,060,"FOREST SERVICE ROUTE 29N18","WILSON LAKE ROAD",0.00,,N,B,-,N,,,,,,,,,,N,2,0,1,1,A,-,08,38314,,N,F,A,A,A,H,-,A,D,0,,,Y,,Y,,C,06,1,0,0,0,0,0,0,0,1,"- ","- ",40.349388122558594,-121.41988372802734,TEHAMA,UNINCORPORATED,,
91265567,2020,2020-07-08,9130,2020-06-30,0630,016120,,2,1,9,5200,0,1,1,,2,051,"I-5 S/B","CORNING CANAL",325.00,N,N,A,-,Y,,,5,,,,,,S,Y,2,0,2,2,A,-,03,22350,,N,C,C,A,A,H,-,A,D,0,,,,,Y,,A,01,1,1,0,0,0,0,0,0,0,"- ","- ",40.132228851318359,-122.21994781494141,TEHAMA,UNINCORPORATED,-122.21992492675781,40.132236480712891
91266225,2020,2020-07-09,9130,2020-06-30,1615,019714,,2,2,9,5200,0,3,5,,2,040,"MERIDIAN RD","LASSEN RD",2100.00,N,N,A,-,N,,,,,,,,,,Y,2,0,1,1,A,-,08,22107,,N,E,I,A,A,H,-,A,D,0,,,,,Y,,A,01,1,0,0,0,0,0,0,0,0,"- ","- ",39.918411254882812,-121.91925048828125,TEHAMA,UNINCORPORATED,-121.91922760009766,39.918224334716797
91267723,2020,2020-07-13,9130,2020-07-04,0635,019041,,6,1,9,5200,0,1,1,,2,051,"I-5 S/B","JELLYS FERRY RD",5280.00,N,N,A,-,Y,,,5,,,,,,S,Y,2,0,1,2,A,-,01,23152,F,N,B,C,A,A,H,-,A,D,0,,,Y,Y,Y,,C,02,1,0,0,0,0,0,0,0,1,"- ","- ",40.24993896484375,-122.26126098632812,TEHAMA,UNINCORPORATED,-122.26129913330078,40.249927520751953
91267851,2020,2020-07-13,9130,2020-07-02,0927,018083,,4,1,9,5200,0,1,1,,2,051,"I-5 N/B","HOOKER CREEK ROAD",5808.00,S,N,A,-,Y,,,5,,,,,,N,Y,3,0,1,1,A,-,08,22107,,N,F,A,A,A,H,-,A,D,0,,,,,Y,,A,07,0,1,0,0,0,0,0,0,0,"- ","- ",40.278129577636719,-122.27207946777344,TEHAMA,UNINCORPORATED,-122.27192687988281,40.2781982421875
91268561,2020,2020-07-14,9140,2020-07-03,0300,018847,,5,3,9,5200,0,1,3,,2,062,SR-32,"USFS 27N08",1584.00,E,N,A,-,Y,,,32,,,,,,,Y,3,0,1,1,A,-,08,22107,,N,E,I,A,A,H,-,D,D,0,,,,,Y,,A,07,0,1,0,0,0,0,0,0,0,"- ","- ",40.138988494873047,-121.586669921875,TEHAMA,UNINCORPORATED,-121.58689880371094,40.138229370117188
91268597,2020,2020-07-14,9140,2020-07-06,0530,021043,,1,3,9,5200,0,1,3,,2,061,"STATE ROUTE 36","STATE ROUTE 32",10560.00,E,N,A,-,Y,,,36,,,,,,,Y,2,0,1,1,A,-,08,22107,,N,E,I,A,A,H,-,B,D,0,,,,,Y,,A,01,1,0,0,0,0,0,0,0,0,"- ","- ",40.259849548339844,-121.39324951171875,TEHAMA,UNINCORPORATED,-121.39325714111328,40.259559631347656
91272682,2020,2020-07-22,9130,2020-07-11,0648,018083,,6,1,9,5200,0,1,3,,1,012,SR-36,"GREEN DRIVE",0.00,,Y,A,-,Y,,,36,,,,,,,Y,4,0,1,1,A,-,08,22107,,N,E,I,A,A,H,-,A,D,0,,,,,Y,,D,22,0,0,1,0,0,0,0,0,0,"- ","- ",40.224498748779297,-122.30983734130859,TEHAMA,UNINCORPORATED,-122.30985260009766,40.224441528320312
91276334,2020,2020-07-29,9130,2020-07-20,1550,015824,,1,2,9,5200,0,3,5,,2,020,"PASKENTA RD","RANCHO TEHAMA RD",65.00,S,N,A,-,N,,,,,,,,,,N,3,0,1,2,A,-,09,21802,A,N,D,C,A,A,H,-,A,A,0,,,Y,,Y,,A,08,0,1,0,0,0,0,0,0,1,"- ","- ",40.030231475830078,-122.29335021972656,TEHAMA,UNINCORPORATED,-122.29323577880859,40.030261993408203
91281648,2020,2020-08-06,9140,2020-07-25,1600,021683,,6,2,9,5200,0,3,5,,2,060,"USFS ROAD 29N18G","USFS ROAD28N61",1742.00,W,N,A,-,N,,,,,,,,,,N,2,0,1,1,A,-,03,38305,,N,F,A,A,A,H,-,A,D,0,,,Y,,Y,,C,02,1,0,0,0,0,0,0,0,1,"- ","- ",40.345169067382812,-121.37283325195312,TEHAMA,UNINCORPORATED,,
91281895,2020,2020-08-06,9130,2020-07-27,2010,015824,,1,2,9,5200,0,2,4,,2,035,"SAN BENITO AVE","ADELFA ST",198.00,S,N,A,-,N,,,,,,,,,,Y,2,0,1,1,A,-,08,22107,,N,E,I,A,A,H,-,A,D,0,,,,,Y,,A,01,1,0,0,0,0,0,0,0,0,"- ","- ",40.070049285888672,-122.16217803955078,TEHAMA,UNINCORPORATED,-122.16228485107422,40.070159912109375
91283288,2020,2020-08-10,9130,2020-07-30,1650,019110,,4,2,9,5200,0,3,5,,2,010,"PASKENTA RD","DUSTY WAY",600.00,S,N,A,-,N,,,,,,,,,,N,3,0,1,1,A,-,08,22107,,N,F,A,A,A,H,-,A,D,0,,,,,Y,,D,22,0,1,0,0,0,0,0,0,0,"- ","- ",40.076000213623047,-122.27285766601562,TEHAMA,UNINCORPORATED,-122.27289581298828,40.076080322265625
91285135,2020,2020-08-12,9130,2020-08-02,1425,019742,,7,2,9,5200,0,3,5,,2,030,"KINDLESPIRE RD","WINDMILL ST",0.00,,Y,A,-,N,,,,,,,,,,N,3,0,1,2,A,-,09,21800,A,N,D,C,A,A,H,-,A,D,0,,,,,Y,,A,01,0,1,0,0,0,0,0,0,0,"- ","- ",40.081119537353516,-122.17237854003906,TEHAMA,UNINCORPORATED,-122.17230987548828,40.080959320068359
91286524,2020,2020-08-14,9130,2020-08-06,1450,015667,,4,2,9,5200,0,1,3,,1,041,SR-99,"ROWLES RD",0.00,,Y,A,-,Y,,,99,,,,,,,Y,2,0,3,3,A,-,12,22450,A,N,D,C,A,A,H,-,A,A,0,,,,,Y,,A,01,2,1,0,0,0,0,0,0,0,"- ","- ",39.913139343261719,-122.01171875,TEHAMA,UNINCORPORATED,-122.01167297363281,39.913196563720703
91286588,2020,2020-08-14,9130,2020-08-06,2200,013857,,4,3,9,5200,0,3,5,,2,040,"SR-32 W/B","UPPER HUMBOLDT RD.",6336.00,E,N,A,-,Y,,,32,,,,,,W,Y,2,0,1,2,A,-,05,21460,A,N,B,C,A,A,H,-,D,D,0,,,Y,,Y,,C,02,1,0,0,0,0,0,0,0,1,"- ","- ",40.05194091796875,-121.61136627197266,TEHAMA,UNINCORPORATED,-121.61138916015625,40.051937103271484
91287446,2020,2020-08-17,9130,2020-08-07,0745,019218,,5,1,9,5200,0,2,4,,2,042,"SOUTH AVE","WOODSON DR",2794.00,E,N,A,-,N,,,,,,,,,,Y,4,0,1,2,A,-,03,22350,,N,C,C,A,A,H,-,A,D,0,,,,,Y,,A,07,0,0,1,0,0,0,0,0,0,"- ","- ",39.915721893310547,-122.07473754882812,TEHAMA,UNINCORPORATED,-122.07472229003906,39.915699005126953
91288716,2020,2020-08-19,9130,2020-08-08,1540,019110,,6,2,9,5200,0,3,5,,2,040,"HALL RD","THOMES CREEK",150.00,S,N,A,-,N,,,,,,,,,,Y,3,0,2,1,A,-,08,22107,,N,F,A,A,A,H,-,A,D,0,,,,,Y,,A,07,0,2,0,0,0,0,0,0,0,"- ","- ",39.986011505126953,-122.12481689453125,TEHAMA,UNINCORPORATED,,
91291626,2020,2020-08-24,9130,2020-08-12,0825,016120,,3,1,9,5200,0,1,1,,2,051,"I-5 S/B","HOOKER CREEK RD",477.00,N,N,A,-,Y,,,5,,,,,,S,N,4,0,1,1,C,-,18,,,N,E,I,A,A,H,-,A,D,0,,,,,Y,,-,"- ",0,0,1,0,0,0,0,0,0,"- ","- ",40.294330596923828,-122.27961730957031,TEHAMA,UNINCORPORATED,-122.279296875,40.294353485107422
91293051,2020,2020-08-26,9140,2020-08-20,0520,018847,,4,3,9,5200,0,1,3,,2,061,SR-36,"USFS LOST CREEK STATION",6336.00,W,N,A,-,Y,,,36,,,,,,,Y,2,0,1,1,A,-,08,22107,,N,E,I,A,A,H,-,D,D,0,,,,,Y,,D,22,1,0,0,0,0,0,0,0,0,"- ","- ",40.258998870849609,-121.37818145751953,TEHAMA,UNINCORPORATED,-121.37818145751953,40.259082794189453
91296951,2020,2020-09-01,9130,2020-08-21,1025,018812,,5,1,9,5200,0,3,5,,2,010,"REEDS CREEK RD","PINE CREEK RD",4224.00,E,N,A,-,N,,,,,,,,,,Y,2,0,1,1,A,-,08,22107,,N,E,I,A,A,H,-,A,D,0,,,,Y,Y,,F,26,1,0,0,0,0,0,0,0,0,"- ","- ",40.095199584960938,-122.17099761962891,TEHAMA,UNINCORPORATED,-122.27530670166016,40.164890289306641
91302354,2020,2020-09-10,9140,2020-05-05,0520,015598,,2,3,9,5200,0,1,3,,2,063,"STATE ROUTE 36","DIAMOND ROAD",581.00,W,N,A,-,Y,,,36,,,,,,,Y,1,2,1,1,A,-,01,23152,F,N,E,I,A,A,H,-,D,D,0,,,,,Y,,M,47,1,0,0,0,0,0,0,0,0,"- ","- ",40.344619750976562,-121.67063903808594,TEHAMA,UNINCORPORATED,-121.67064666748047,40.344600677490234
91304262,2020,2020-09-14,9130,2020-09-03,2035,019110,,4,2,9,5200,0,3,5,,2,010,"DUSTY WAY","RAWSON RD",1350.00,W,N,A,-,N,,,,,,,,,,N,4,0,1,1,C,-,18,,,N,H,H,A,A,H,-,D,D,0,,,,,Y,,-,"- ",0,0,1,0,0,0,0,0,0,"- ","- ",40.077098846435547,-122.23834991455078,TEHAMA,UNINCORPORATED,-122.23820495605469,40.077102661132812
91305913,2020,2020-09-16,9130,2020-09-05,1758,015667,,6,2,9,5200,0,1,3,,1,041,SR-99,"DEER CREEK",2132.00,N,N,A,-,Y,,,99,,,,,,,Y,2,0,2,2,A,-,01,23152,F,N,A,C,A,A,H,-,A,D,0,,,,,Y,,D,22,2,0,0,0,0,0,0,0,0,"- ","- ",39.952980041503906,-122.05777740478516,TEHAMA,UNINCORPORATED,-122.0577392578125,39.9530029296875
91309173,2020,2020-09-22,9130,2020-09-12,1745,019110,,6,2,9,5200,0,2,4,,2,042,"SOUTH AVE","MILLION RD.",2352.00,E,N,A,-,N,,,,,,,,,,Y,2,0,2,1,A,-,08,22107,,N,E,I,A,A,H,-,A,D,0,,,,,Y,,A,01,2,0,0,0,0,0,0,0,0,"- ","- ",39.906440734863281,-122.13303375244141,TEHAMA,UNINCORPORATED,-122.13215637207031,39.906497955322266
91313353,2020,2020-09-28,9130,2020-09-18,1249,018083,,5,1,9,5200,0,3,5,,2,040,"WOODSON AVE","SOUTH AVENUE",1056.00,N,N,A,-,N,,,,,,,,,,Y,4,0,1,1,A,-,08,22107,,N,E,I,A,A,H,-,A,D,0,,,,,Y,,A,01,0,0,1,0,0,0,0,0,0,"- ","- ",39.909870147705078,-122.18354034423828,TEHAMA,UNINCORPORATED,-122.18347930908203,39.909248352050781
91313409,2020,2020-09-30,9130,2020-09-19,1335,018083,,6,1,9,5200,0,3,5,,2,030,"READING ROAD","TYLER ROAD",1056.00,S,N,A,-,N,,,,,,,,,,N,4,0,1,2,A,-,03,22350,,N,C,C,A,A,H,-,A,D,0,,,Y,,Y,,C,02,0,0,1,0,0,0,0,0,1,"- ","- ",40.131259918212891,-122.20017242431641,TEHAMA,UNINCORPORATED,-122.20062255859375,40.131938934326172
91313464,2020,2020-09-28,9130,2020-09-21,0745,018812,,1,1,9,5200,0,3,5,,2,040,"FINNELL AVE","EDITH AVE",0.00,,Y,A,-,N,,,,,,,,,,Y,4,0,1,2,A,-,09,21802,A,N,D,C,A,A,H,-,A,A,0,,,,,Y,,A,01,0,0,1,0,0,0,0,0,0,"- ","- ",39.356941223144531,-122.19747161865234,TEHAMA,UNINCORPORATED,-122.19747924804688,39.956958770751953
91314224,2020,2020-09-29,9130,2020-09-20,2015,019218,,7,2,9,5200,0,3,5,,2,030,"SHASTA BLVD","62ND AVE",903.00,N,N,A,-,N,,,,,,,,,,Y,2,0,1,1,A,-,01,23152,A,N,E,I,A,A,H,-,D,D,0,,,,,Y,Y,D,22,1,0,0,0,0,0,0,0,0,"- ","- ",40.095668792724609,-122.09098052978516,TEHAMA,UNINCORPORATED,-122.09104919433594,40.095607757568359
91320301,2020,2020-10-08,9130,2020-09-30,1835,020580,,3,2,9,5200,0,1,3,,1,041,SR-99E,"TAFT ST",647.00,S,N,A,-,Y,,,99,,,,,,,Y,4,0,2,2,A,-,05,21460,A,N,B,C,A,A,H,-,A,D,0,,,,,Y,,D,22,0,0,2,0,0,0,0,0,0,"- ","- ",40.045688629150391,-122.10043334960938,TEHAMA,UNINCORPORATED,-122.10042572021484,40.045692443847656
91320695,2020,2020-10-09,9130,2020-10-01,0725,015667,,4,1,9,5200,0,1,3,,1,012,SR-36,"DRY CREEK",18480.00,E,N,A,-,Y,,,36,,,,,,,Y,3,0,1,1,A,-,08,22107,,N,E,I,A,A,H,-,A,D,0,,,,,Y,,A,01,0,1,0,0,0,0,0,0,0,"- ","- ",40.299739837646484,-122.63345336914062,TEHAMA,UNINCORPORATED,-122.63345336914062,40.299690246582031
91327425,2020,2020-10-20,9130,2020-10-10,2230,020580,,6,3,9,5200,0,3,5,,2,030,"RIVER VIEW DR","CARMELO ST.",100.00,W,N,A,-,N,,,,,,,,,,Y,3,0,1,1,A,-,01,23152,A,N,E,I,A,A,H,-,D,D,0,,,,,Y,Y,A,01,0,1,0,0,0,0,0,0,0,"- ","- ",40.349361419677734,-122.21880340576172,TEHAMA,UNINCORPORATED,-122.21863555908203,40.349479675292969
91331546,2020,2020-10-26,9130,2020-10-14,1720,015667,,3,2,9,5200,0,2,4,,2,013,"BOWMAN RD.","ADAMS RD",124.00,E,N,A,-,N,,,,,,,,,,Y,3,0,1,1,A,-,03,22350,,N,F,A,A,A,H,-,A,D,0,,,,,Y,,A,07,0,1,0,0,0,0,0,0,0,"- ","- ",40.364528656005859,-122.29799652099609,TEHAMA,UNINCORPORATED,-122.29791259765625,40.36456298828125
91333036,2020,2020-10-28,9130,2020-10-19,1550,015824,,1,2,3,5202,0,1,1,,2,051,"INTERSTATE 5 SOUTHBOUND","ADOBE RD",2958.00,N,N,A,-,Y,,,5,,,,,,S,Y,3,0,1,1,A,-,08,22107,,N,E,I,A,A,H,-,A,D,0,,,,,Y,,D,22,0,1,0,0,0,0,0,0,0,"- ","- ",40.199298858642578,-122.24118804931641,TEHAMA,"RED BLUFF",-122.2410888671875,40.199382781982422
91336646,2020,2020-11-02,9130,2020-10-15,1134,018083,,4,1,9,5200,0,3,5,,2,020,"MANTON ROAD","WILDCAT ROAD",950.00,W,N,A,-,N,,,,,,,,,,Y,3,0,1,1,A,-,08,22107,,M,F,A,A,A,H,-,A,D,0,,,Y,,Y,,C,02,0,1,0,0,0,0,0,0,1,"- ","- ",40.405788421630859,-121.98175811767578,TEHAMA,UNINCORPORATED,-121.98148345947266,40.405754089355469
91339549,2020,2020-11-04,9130,2020-10-24,0723,019742,,6,1,9,5200,0,1,1,,2,052,"I-5 NORTHBOUND","LIBERAL AVENUE",3125.00,N,N,A,-,Y,,,5,,,,,,N,Y,4,0,1,2,A,-,07,21658,A,N,B,C,A,A,H,-,A,D,0,,,,,Y,,-,"- ",0,0,1,0,0,0,0,0,0,"- ","- ",39.890689849853516,-122.19992828369141,TEHAMA,UNINCORPORATED,-122.20001220703125,39.890689849853516
91343908,2020,2020-11-12,9140,2020-09-08,0745,015598,,2,1,9,5200,0,1,3,,2,062,"STATE ROUTE 32","STEEL BRIDGE",2112.00,E,N,A,-,Y,,,32,,,,,,,Y,1,1,0,1,A,-,08,22107,,N,E,I,A,A,H,-,A,D,0,,,,,Y,,A,01,0,0,0,0,0,0,0,0,0,"- ","- ",40.178638458251953,-121.55062103271484,TEHAMA,UNINCORPORATED,-121.55073547363281,40.178745269775391
91344040,2020,2020-11-12,9140,2020-11-03,0515,021238,,2,3,9,5200,0,1,3,,2,062,"STATE ROUTE 32","MILE POST MARKER 18.70",630.00,W,N,A,-,Y,,,32,,,,,,,Y,3,0,1,1,A,-,03,22350,,N,F,A,A,A,H,-,D,D,0,,,,Y,Y,,G,25,0,1,0,0,0,0,0,0,0,"- ","- ",40.219249725341797,-121.48098754882812,TEHAMA,UNINCORPORATED,-121.48104858398438,40.219345092773438
91346328,2020,2020-11-16,9130,2020-11-06,1145,018812,,5,1,9,5200,0,1,1,,2,051,"I-5 NORTHBOUND","CHARD AVE",1237.00,N,N,A,-,Y,,,5,,,,,,N,Y,3,0,1,3,A,-,07,21658,A,M,E,I,A,A,H,-,A,D,0,,,,,Y,,D,22,0,1,0,0,0,0,0,0,0,"- ","- ",40.073089599609375,-122.21614837646484,TEHAMA,UNINCORPORATED,-122.21611785888672,40.073093414306641
91348848,2020,2020-11-19,9130,2020-11-13,1405,019041,,5,2,3,5202,0,1,1,,2,051,"I-5 S/B FROM ADOBE ROAD","ADOBE RD",135.00,S,N,B,-,Y,,,5,,,,R,,S,Y,2,0,1,1,A,-,08,22107,,N,E,I,A,B,H,-,A,D,0,,,,,Y,,D,22,1,0,0,0,0,0,0,0,0,"- ","- ",40.191440582275391,-122.23494720458984,TEHAMA,"RED BLUFF",-122.23494720458984,40.191440582275391
91350154,2020,2020-12-31,9130,2020-11-06,1845,015667,,5,2,9,5200,0,1,1,,2,051,"I-5 N/B","WILCOX RD",1235.00,N,N,B,-,Y,,,5,,,,,,N,Y,3,0,3,1,A,-,08,22107,,N,F,A,A,A,H,-,D,D,0,,,,,Y,,A,01,0,3,0,0,0,0,0,0,0,"- ","- ",40.222660064697266,-122.25334930419922,TEHAMA,UNINCORPORATED,-122.25323486328125,40.222713470458984
91350711,2020,2020-11-20,9130,2020-11-14,1845,019041,,6,2,9,5200,0,3,5,,2,040,"HALL RD","HOAG RD",375.00,N,N,A,-,N,,,,,,,,,,Y,4,0,1,1,A,-,01,23152,A,N,E,I,A,A,H,-,D,D,0,,,,,Y,Y,A,07,0,0,1,0,0,0,0,0,0,"- ","- ",39.929729461669922,-122.12328338623047,TEHAMA,UNINCORPORATED,-122.12319946289062,39.927127838134766
91351605,2020,2020-12-28,9130,2020-11-14,1845,019110,,6,2,9,5200,0,3,5,,2,030,"POWERHOUSE RD","MANTON RD",2112.00,S,N,A,-,N,,,,,,,,,,Y,2,0,2,2,A,-,05,21460,A,N,A,C,A,A,H,-,D,D,0,,,,,Y,,A,08,1,0,1,0,0,0,0,0,0,"- ","- ",40.426349639892578,-121.87165069580078,TEHAMA,UNINCORPORATED,-121.87156677246094,40.428600311279297
91357375,2020,2020-12-02,9130,2020-11-20,2010,019041,,5,2,9,5200,0,2,4,,2,034,"HWY 99W","SISTER MARY COLUMBA DR",425.00,S,N,A,-,N,,,,,,,,,,Y,3,0,1,1,A,-,01,23152,A,N,E,I,A,A,H,-,D,D,0,,,,,Y,Y,D,22,0,1,0,0,0,0,0,0,0,"- ","- ",40.1480712890625,-122.21640014648438,TEHAMA,UNINCORPORATED,-122.216536,40.148127000000002
91357604,2020,2020-12-02,9130,2020-11-20,2019,019742,,5,2,9,5200,0,2,4,,2,034,"ROAD 99W","SONOMA AVENUE",71.00,N,N,A,-,N,,,,,,,,,,N,4,0,2,2,A,-,08,22107,,N,D,C,A,A,H,-,D,D,0,,,,,Y,,A,07,0,0,2,0,0,0,0,0,0,"- ","- ",39.975528717041016,-122.17716217041016,TEHAMA,UNINCORPORATED,-122.17719268798828,39.975185394287109
91363358,2020,2020-12-10,9130,2020-12-02,1128,019792,,3,1,9,5200,0,1,1,,2,051,"I-5 SB","HOOKER CRK RD",3696.00,S,N,A,-,Y,,,5,,,,,,S,Y,4,0,1,1,A,-,08,22107,,N,F,A,A,A,H,-,D,D,0,,,,,Y,Y,A,01,0,0,1,0,0,0,0,0,0,"- ","- ",40.283561706542969,-122.27561187744141,TEHAMA,UNINCORPORATED,-122.27555847167969,40.283599853515625